{
  "type": "FeatureCollection",
  "features": [
    {
      "type": "Feature",
      "geometry": {
        "type": "LineString",
        "coordinates": [
          [
            7.498798913309288e-33,
            -1.0
          ],
          [
            3.8855512201968564e-18,
            -1.0
          ],
          [
            7.767190019679069e-18,
            -1.0
          ],
          [
            1.1641007917207941e-17,
            -1.0
          ],
          [
            1.5503104306530172e-17,
            -1.0
          ],
          [
            1.934959038395766e-17,
            -1.0
          ],
          [
            2.3176593064062996e-17,
            -1.0
          ],
          [
            2.6980258879548488e-17,
            -1.0
          ],
          [
            3.0756757861360915e-17,
            -1.0
          ],
          [
            3.450228739514565e-17,
            -1.0
          ],
          [
            3.821307605015719e-17,
            -1.0
          ],
          [
            4.188538737676993e-17,
            -1.0
          ],
          [
            4.5515523668766515e-17,
            -1.0
          ],
          [
            4.909982968661441e-17,
            -1.0
          ],
          [
            5.26346963379822e-17,
            -1.0
          ],
          [
            5.611656431178984e-17,
            -1.0
          ],
          [
            5.954192766213296e-17,
            -1.0
          ],
          [
            6.290733733847338e-17,
            -1.0
          ],
          [
            6.620940465854061e-17,
            -1.0
          ],
          [
            6.94448047204476e-17,
            -1.0
          ],
          [
            7.261027975058513e-17,
            -1.0
          ],
          [
            7.570264238392371e-17,
            -1.0
          ],
          [
            7.871877887341986e-17,
            -1.0
          ],
          [
            8.165565222529564e-17,
            -1.0
          ],
          [
            8.451030525703381e-17,
            -1.0
          ],
          [
            8.727986357500997e-17,
            -1.0
          ],
          [
            8.996153846876332e-17,
            -1.0
          ],
          [
            9.25526297189917e-17,
            -1.0
          ],
          [
            9.505052831644355e-17,
            -1.0
          ],
          [
            9.745271908896901e-17,
            -1.0
          ],
          [
            9.975678323408515e-17,
            -1.0
          ],
          [
            1.0196040075450498e-16,
            -1.0
          ],
          [
            1.0406135279417813e-16,
            -1.0
          ],
          [
            1.0605752387249069e-16,
            -1.0
          ],
          [
            1.0794690401437498e-16,
            -1.0
          ],
          [
            1.0972759077418405e-16,
            -1.0
          ],
          [
            1.113977911512931e-16,
            -1.0
          ],
          [
            1.129558233954992e-16,
            -1.0
          ],
          [
            1.144001187004012e-16,
            -1.0
          ],
          [
            1.1572922278305468e-16,
            -1.0
          ],
          [
            1.1694179734831181e-16,
            -1.0
          ],
          [
            1.1803662143637086e-16,
            -1.0
          ],
          [
            1.1901259265217946e-16,
            -1.0
          ],
          [
            1.198687282754528e-16,
            -1.0
          ],
          [
            1.2060416625018976e-16,
            -1.0
          ],
          [
            1.2121816605269022e-16,
            -1.0
          ],
          [
            1.2171010943719955e-16,
            -1.0
          ],
          [
            1.220795010584298e-16,
            -1.0
          ],
          [
            1.2232596897033042e-16,
            -1.0
          ],
          [
            1.224492650006063e-16,
            -1.0
          ],
          [
            1.224492650006063e-16,
            -1.0
          ],
          [
            1.2232596897033042e-16,
            -1.0
          ],
          [
            1.220795010584298e-16,
            -1.0
          ],
          [
            1.2171010943719955e-16,
            -1.0
          ],
          [
            1.2121816605269022e-16,
            -1.0
          ],
          [
            1.2060416625018976e-16,
            -1.0
          ],
          [
            1.198687282754528e-16,
            -1.0
          ],
          [
            1.1901259265217946e-16,
            -1.0
          ],
          [
            1.1803662143637086e-16,
            -1.0
          ],
          [
            1.1694179734831181e-16,
            -1.0
          ],
          [
            1.1572922278305468e-16,
            -1.0
          ],
          [
            1.144001187004012e-16,
            -1.0
          ],
          [
            1.1295582339549922e-16,
            -1.0
          ],
          [
            1.113977911512931e-16,
            -1.0
          ],
          [
            1.0972759077418406e-16,
            -1.0
          ],
          [
            1.07946904014375e-16,
            -1.0
          ],
          [
            1.0605752387249069e-16,
            -1.0
          ],
          [
            1.0406135279417813e-16,
            -1.0
          ],
          [
            1.01960400754505e-16,
            -1.0
          ],
          [
            9.975678323408515e-17,
            -1.0
          ],
          [
            9.745271908896902e-17,
            -1.0
          ],
          [
            9.505052831644355e-17,
            -1.0
          ],
          [
            9.255262971899171e-17,
            -1.0
          ],
          [
            8.996153846876332e-17,
            -1.0
          ],
          [
            8.727986357500998e-17,
            -1.0
          ],
          [
            8.451030525703383e-17,
            -1.0
          ],
          [
            8.165565222529563e-17,
            -1.0
          ],
          [
            7.871877887341986e-17,
            -1.0
          ],
          [
            7.570264238392371e-17,
            -1.0
          ],
          [
            7.261027975058517e-17,
            -1.0
          ],
          [
            6.944480472044764e-17,
            -1.0
          ],
          [
            6.620940465854059e-17,
            -1.0
          ],
          [
            6.290733733847338e-17,
            -1.0
          ],
          [
            5.954192766213296e-17,
            -1.0
          ],
          [
            5.611656431178984e-17,
            -1.0
          ],
          [
            5.2634696337982227e-17,
            -1.0
          ],
          [
            4.9099829686614435e-17,
            -1.0
          ],
          [
            4.5515523668766515e-17,
            -1.0
          ],
          [
            4.188538737676993e-17,
            -1.0
          ],
          [
            3.821307605015719e-17,
            -1.0
          ],
          [
            3.4502287395145676e-17,
            -1.0
          ],
          [
            3.0756757861360945e-17,
            -1.0
          ],
          [
            2.6980258879548488e-17,
            -1.0
          ],
          [
            2.3176593064062996e-17,
            -1.0
          ],
          [
            1.934959038395766e-17,
            -1.0
          ],
          [
            1.5503104306530227e-17,
            -1.0
          ],
          [
            1.1641007917207967e-17,
            -1.0
          ],
          [
            7.767190019679097e-18,
            -1.0
          ],
          [
            3.8855512201968564e-18,
            -1.0
          ],
          [
            7.498798913309288e-33,
            -1.0
          ]
        ]
      },
      "properties": {
        "type": "latitude",
        "value": -90.0
      }
    },
    {
      "type": "Feature",
      "geometry": {
        "type": "LineString",
        "coordinates": [
          [
            3.281431208448926e-17,
            -1.0
          ],
          [
            0.01700233390535668,
            -0.9999638644273315
          ],
          [
            0.0339838690324184,
            -0.9998556266588677
          ],
          [
            0.05092386482196395,
            -0.9996757924436795
          ],
          [
            0.06780169664736363,
            -0.9994252010445478
          ],
          [
            0.08459691252481488,
            -0.9991050198041331
          ],
          [
            0.1012892883380502,
            -0.998716736626053
          ],
          [
            0.1178588811180331,
            -0.9982621504571839
          ],
          [
            0.13428607994765537,
            -0.9977433598792191
          ],
          [
            0.15055165409702506,
            -0.9971627499371215
          ],
          [
            0.16663679803575474,
            -0.9965229773492922
          ],
          [
            0.18252317301382456,
            -0.9958269542587415
          ],
          [
            0.1981929449511368,
            -0.9950778306961214
          ],
          [
            0.21362881842674808,
            -0.9942789759340172
          ],
          [
            0.2288140666109667,
            -0.9934339589173696
          ],
          [
            0.24373255703599725,
            -0.9925465279573414
          ],
          [
            0.2583687731526461,
            -0.9916205898754317
          ],
          [
            0.27270783167088025,
            -0.9906601887813711
          ],
          [
            0.2867354957299391,
            -0.989669484662494
          ],
          [
            0.3004381839885407,
            -0.9886527319541564
          ],
          [
            0.31380297576691724,
            -0.9876142582506375
          ],
          [
            0.32681761240948853,
            -0.9865584433041665
          ],
          [
            0.33947049506961136,
            -0.9854896984465633
          ],
          [
            0.3517506791458048,
            -0.9844124465538397
          ],
          [
            0.36364786562205087,
            -0.9833311026592882
          ],
          [
            0.3751523895832268,
            -0.982250055305419
          ],
          [
            0.38625520619053966,
            -0.9811736487098887
          ],
          [
            0.3969478744112072,
            -0.9801061658055754
          ],
          [
            0.40722253880182613,
            -0.9790518122004314
          ],
          [
            0.4170719096462105,
            -0.9780147010889028
          ],
          [
            0.42648924174633923,
            -0.9769988391337311
          ],
          [
            0.4354683121598059,
            -0.9760081133249726
          ],
          [
            0.4440033971692339,
            -0.9750462788122136
          ],
          [
            0.45208924875891116,
            -0.9741169476962973
          ],
          [
            0.45972107086181535,
            -0.9732235787584559
          ],
          [
            0.46689449562663177,
            -0.9723694680975891
          ],
          [
            0.4736055599396738,
            -0.9715577406405432
          ],
          [
            0.4798506824211386,
            -0.9707913424855992
          ],
          [
            0.48562664109916465,
            -0.9700730340359358
          ],
          [
            0.49093055194896645,
            -0.9694053838775452
          ],
          [
            0.4957598484681438,
            -0.9687907633548695
          ],
          [
            0.5001122624432605,
            -0.9682313417972334
          ],
          [
            0.5039858060471424,
            -0.9677290823498863
          ],
          [
            0.5073787553911343,
            -0.9672857383650583
          ],
          [
            0.5102896356418848,
            -0.9669028503107838
          ],
          [
            0.5127172077981251,
            -0.9665817431582926
          ],
          [
            0.5146604572093871,
            -0.9663235242123913
          ],
          [
            0.516118583905664,
            -0.96612908135342
          ],
          [
            0.5170909947946011,
            -0.9659990816639437
          ],
          [
            0.5175772977708744,
            -0.9659339704182942
          ],
          [
            0.5175772977708744,
            -0.9659339704182942
          ],
          [
            0.5170909947946011,
            -0.9659990816639437
          ],
          [
            0.516118583905664,
            -0.96612908135342
          ],
          [
            0.5146604572093871,
            -0.9663235242123913
          ],
          [
            0.5127172077981251,
            -0.9665817431582926
          ],
          [
            0.5102896356418848,
            -0.9669028503107838
          ],
          [
            0.5073787553911343,
            -0.9672857383650583
          ],
          [
            0.5039858060471425,
            -0.9677290823498863
          ],
          [
            0.5001122624432605,
            -0.9682313417972334
          ],
          [
            0.4957598484681438,
            -0.9687907633548695
          ],
          [
            0.49093055194896645,
            -0.9694053838775452
          ],
          [
            0.48562664109916465,
            -0.9700730340359358
          ],
          [
            0.47985068242113865,
            -0.9707913424855992
          ],
          [
            0.4736055599396738,
            -0.9715577406405432
          ],
          [
            0.4668944956266318,
            -0.9723694680975891
          ],
          [
            0.4597210708618154,
            -0.9732235787584559
          ],
          [
            0.45208924875891116,
            -0.9741169476962973
          ],
          [
            0.4440033971692339,
            -0.9750462788122136
          ],
          [
            0.43546831215980597,
            -0.9760081133249726
          ],
          [
            0.42648924174633923,
            -0.9769988391337311
          ],
          [
            0.41707190964621055,
            -0.9780147010889028
          ],
          [
            0.40722253880182613,
            -0.9790518122004314
          ],
          [
            0.39694787441120727,
            -0.9801061658055754
          ],
          [
            0.38625520619053966,
            -0.9811736487098887
          ],
          [
            0.37515238958322683,
            -0.982250055305419
          ],
          [
            0.363647865622051,
            -0.9833311026592882
          ],
          [
            0.35175067914580477,
            -0.9844124465538397
          ],
          [
            0.33947049506961136,
            -0.9854896984465633
          ],
          [
            0.32681761240948853,
            -0.9865584433041665
          ],
          [
            0.31380297576691735,
            -0.9876142582506375
          ],
          [
            0.30043818398854083,
            -0.9886527319541564
          ],
          [
            0.286735495729939,
            -0.989669484662494
          ],
          [
            0.27270783167088025,
            -0.9906601887813711
          ],
          [
            0.2583687731526461,
            -0.9916205898754317
          ],
          [
            0.24373255703599725,
            -0.9925465279573414
          ],
          [
            0.2288140666109668,
            -0.9934339589173696
          ],
          [
            0.2136288184267482,
            -0.9942789759340172
          ],
          [
            0.1981929449511368,
            -0.9950778306961214
          ],
          [
            0.18252317301382456,
            -0.9958269542587415
          ],
          [
            0.16663679803575474,
            -0.9965229773492922
          ],
          [
            0.15055165409702514,
            -0.9971627499371215
          ],
          [
            0.13428607994765548,
            -0.9977433598792191
          ],
          [
            0.1178588811180331,
            -0.9982621504571839
          ],
          [
            0.1012892883380502,
            -0.998716736626053
          ],
          [
            0.08459691252481488,
            -0.9991050198041331
          ],
          [
            0.06780169664736387,
            -0.9994252010445478
          ],
          [
            0.050923864821964065,
            -0.9996757924436795
          ],
          [
            0.03398386903241852,
            -0.9998556266588676
          ],
          [
            0.01700233390535668,
            -0.9999638644273315
          ],
          [
            3.281431208448926e-17,
            -1.0
          ]
        ]
      },
      "properties": {
        "type": "latitude",
        "value": -75.0
      }
    },
    {
      "type": "Feature",
      "geometry": {
        "type": "LineString",
        "coordinates": [
          [
            7.070501591499381e-17,
            -1.0
          ],
          [
            0.03663011671769372,
            -0.9998322652511831
          ],
          [
            0.07318658396328294,
            -0.9993302412025499
          ],
          [
            0.10959634274332626,
            -0.9984974513809847
          ],
          [
            0.14578750303150742,
            -0.9973397119286685
          ],
          [
            0.1816898987079067,
            -0.995865048677218
          ],
          [
            0.2172356082282607,
            -0.9940835843275073
          ],
          [
            0.2523594315009147,
            -0.9920073988298342
          ],
          [
            0.2869993149428423,
            -0.98965036669805
          ],
          [
            0.32109671839622933,
            -0.9870279754691825
          ],
          [
            0.3545969194272236,
            -0.9841571298238817
          ],
          [
            0.3874492524105758,
            -0.9810559460100232
          ],
          [
            0.4196072816443151,
            -0.9777435411690364
          ],
          [
            0.4510289094626727,
            -0.9742398219674805
          ],
          [
            0.48167642186167337,
            -0.9705652766072119
          ],
          [
            0.5115164754738991,
            -0.9667407738528928
          ],
          [
            0.5405200307971243,
            -0.9627873722046676
          ],
          [
            0.568662237382185,
            -0.9587261417860014
          ],
          [
            0.5959222772196142,
            -0.9545780009398641
          ],
          [
            0.6222831728459234,
            -0.9503635689556932
          ],
          [
            0.6477315667424405,
            -0.9461030358060089
          ],
          [
            0.6722574784527994,
            -0.9418160492718687
          ],
          [
            0.6958540455341975,
            -0.9375216193925464
          ],
          [
            0.7185172540185865,
            -0.9332380397944554
          ],
          [
            0.7402456635286593,
            -0.9289828251408923
          ],
          [
            0.7610401316031588,
            -0.9247726636976039
          ],
          [
            0.7809035411663752,
            -0.9206233838266622
          ],
          [
            0.7998405344532192,
            -0.9165499330976994
          ],
          [
            0.8178572560947244,
            -0.912566368634798
          ],
          [
            0.8349611074954197,
            -0.9086858572920048
          ],
          [
            0.8511605141054465,
            -0.9049206842629569
          ],
          [
            0.8664647067143242,
            -0.9012822687730049
          ],
          [
            0.8808835174742261,
            -0.8977811855683759
          ],
          [
            0.8944271909999162,
            -0.8944271909999157
          ],
          [
            0.9071062105893504,
            -0.8912292525930449
          ],
          [
            0.9189311393607652,
            -0.8881955810958989
          ],
          [
            0.9299124759051477,
            -0.8853336641001457
          ],
          [
            0.9400605239027614,
            -0.8826503004304233
          ],
          [
            0.9493852750439281,
            -0.8801516345962446
          ],
          [
            0.9578963045224785,
            -0.8778431906927027
          ],
          [
            0.9656026783301872,
            -0.875729905222148
          ],
          [
            0.972512871567362,
            -0.8738161583874212
          ],
          [
            0.9786346969942177,
            -0.8721058034778573
          ],
          [
            0.9839752430757541,
            -0.8706021940320979
          ],
          [
            0.9885408208161384,
            -0.8693082085170016
          ],
          [
            0.9923369187340065,
            -0.8682262723100324
          ],
          [
            0.9953681653951096,
            -0.8673583768140442
          ],
          [
            0.9976382989911642,
            -0.8667060955690251
          ],
          [
            0.999150143531861,
            -0.8662705972558836
          ],
          [
            0.9999055912992791,
            -0.866052655513572
          ],
          [
            0.9999055912992791,
            -0.866052655513572
          ],
          [
            0.999150143531861,
            -0.8662705972558836
          ],
          [
            0.9976382989911642,
            -0.8667060955690251
          ],
          [
            0.9953681653951096,
            -0.8673583768140442
          ],
          [
            0.9923369187340066,
            -0.8682262723100324
          ],
          [
            0.9885408208161384,
            -0.8693082085170016
          ],
          [
            0.9839752430757541,
            -0.8706021940320979
          ],
          [
            0.9786346969942178,
            -0.8721058034778573
          ],
          [
            0.972512871567362,
            -0.8738161583874212
          ],
          [
            0.9656026783301871,
            -0.8757299052221479
          ],
          [
            0.9578963045224785,
            -0.8778431906927027
          ],
          [
            0.9493852750439281,
            -0.8801516345962446
          ],
          [
            0.9400605239027616,
            -0.8826503004304233
          ],
          [
            0.9299124759051477,
            -0.8853336641001457
          ],
          [
            0.9189311393607653,
            -0.8881955810958989
          ],
          [
            0.9071062105893505,
            -0.8912292525930449
          ],
          [
            0.8944271909999162,
            -0.8944271909999157
          ],
          [
            0.8808835174742261,
            -0.8977811855683759
          ],
          [
            0.8664647067143243,
            -0.9012822687730049
          ],
          [
            0.8511605141054465,
            -0.9049206842629569
          ],
          [
            0.8349611074954199,
            -0.9086858572920047
          ],
          [
            0.8178572560947244,
            -0.912566368634798
          ],
          [
            0.7998405344532193,
            -0.9165499330976994
          ],
          [
            0.7809035411663752,
            -0.9206233838266622
          ],
          [
            0.7610401316031589,
            -0.9247726636976039
          ],
          [
            0.7402456635286595,
            -0.9289828251408923
          ],
          [
            0.7185172540185863,
            -0.9332380397944554
          ],
          [
            0.6958540455341975,
            -0.9375216193925464
          ],
          [
            0.6722574784527994,
            -0.9418160492718687
          ],
          [
            0.6477315667424407,
            -0.9461030358060086
          ],
          [
            0.6222831728459237,
            -0.9503635689556932
          ],
          [
            0.595922277219614,
            -0.9545780009398642
          ],
          [
            0.568662237382185,
            -0.9587261417860014
          ],
          [
            0.5405200307971243,
            -0.9627873722046676
          ],
          [
            0.5115164754738991,
            -0.9667407738528928
          ],
          [
            0.4816764218616736,
            -0.9705652766072119
          ],
          [
            0.4510289094626729,
            -0.9742398219674805
          ],
          [
            0.4196072816443151,
            -0.9777435411690364
          ],
          [
            0.3874492524105758,
            -0.9810559460100232
          ],
          [
            0.3545969194272236,
            -0.9841571298238817
          ],
          [
            0.32109671839622955,
            -0.9870279754691825
          ],
          [
            0.2869993149428426,
            -0.98965036669805
          ],
          [
            0.2523594315009147,
            -0.9920073988298342
          ],
          [
            0.2172356082282607,
            -0.9940835843275073
          ],
          [
            0.1816898987079067,
            -0.995865048677218
          ],
          [
            0.14578750303150792,
            -0.9973397119286685
          ],
          [
            0.10959634274332652,
            -0.9984974513809847
          ],
          [
            0.07318658396328319,
            -0.9993302412025499
          ],
          [
            0.03663011671769372,
            -0.9998322652511831
          ],
          [
            7.070501591499381e-17,
            -1.0
          ]
        ]
      },
      "properties": {
        "type": "latitude",
        "value": -60.0
      }
    },
    {
      "type": "Feature",
      "geometry": {
        "type": "LineString",
        "coordinates": [
          [
            1.2246467991473535e-16,
            -1.0
          ],
          [
            0.06342395179247119,
            -0.9994970488124296
          ],
          [
            0.126593477798828,
            -0.997994750910394
          ],
          [
            0.1892589703527537,
            -0.9955125617164525
          ],
          [
            0.25118024348759604,
            -0.9920822150005401
          ],
          [
            0.3121307244307621,
            -0.9877467300460083
          ],
          [
            0.37190106736759637,
            -0.9825591071394691
          ],
          [
            0.43030206682462957,
            -0.9765807866334525
          ],
          [
            0.4871667972209463,
            -0.9698799554178709
          ],
          [
            0.5423519553487464,
            -0.9625297861013694
          ],
          [
            0.5957384290289817,
            -0.9546066891890712
          ],
          [
            0.6472311542363695,
            -0.9461886483394651
          ],
          [
            0.6967583522557075,
            -0.9373536950588491
          ],
          [
            0.744270257004112,
            -0.9281785637121546
          ],
          [
            0.7897374508884725,
            -0.9187375521148815
          ],
          [
            0.8331489267826726,
            -0.9091015985302304
          ],
          [
            0.8745099858137982,
            -0.899337573538428
          ],
          [
            0.913840067780175,
            -0.8895077754746616
          ],
          [
            0.9511705952622481,
            -0.8796696110910704
          ],
          [
            0.9865428956371567,
            -0.8698754386502492
          ],
          [
            1.0200062486956922,
            -0.8601725484781733
          ],
          [
            1.051616092398659,
            -0.8506032556674374
          ],
          [
            1.0814324061218739,
            -0.8412050806713923
          ],
          [
            1.1095182798193126,
            -0.8320109955323297
          ],
          [
            1.1359386689228348,
            -0.8230497160630424
          ],
          [
            1.1607593283579771,
            -0.8143460231421803
          ],
          [
            1.184045914543088,
            -0.8059210991551566
          ],
          [
            1.2058632413543555,
            -0.7977928683484152
          ],
          [
            1.2262746744701214,
            -0.7899763323595836
          ],
          [
            1.2453416479570003,
            -0.7824838943811787
          ],
          [
            1.2631232871620828,
            -0.7753256672890518
          ],
          [
            1.2796761227035234,
            -0.7685097626221927
          ],
          [
            1.295053881421338,
            -0.7620425585581698
          ],
          [
            1.3093073414159544,
            -0.7559289460184544
          ],
          [
            1.3224842396540584,
            -0.7501725527947931
          ],
          [
            1.334629221979684,
            -0.7447759461472128
          ],
          [
            1.3457838266781732,
            -0.7397408147201714
          ],
          [
            1.3559864939658817,
            -0.7350681308868784
          ],
          [
            1.36527259489856,
            -0.7307582947902391
          ],
          [
            1.3736744741965992,
            -0.7268112614256704
          ],
          [
            1.3812215023739067,
            -0.7232266521257302
          ],
          [
            1.3879401333328207,
            -0.7200038517751263
          ],
          [
            1.393853964257204,
            -0.7171420930200089
          ],
          [
            1.3989837952089479,
            -0.7146405286475798
          ],
          [
            1.403347686319727,
            -0.7124982932086696
          ],
          [
            1.406961010880608,
            -0.7107145548428387
          ],
          [
            1.4098365029773559,
            -0.7092885581469258
          ],
          [
            1.411984298609109,
            -0.7082196588067404
          ],
          [
            1.4134119694718568,
            -0.7075073505896752
          ],
          [
            1.4141245487947331,
            -0.7071512851745537
          ],
          [
            1.4141245487947331,
            -0.7071512851745537
          ],
          [
            1.4134119694718568,
            -0.7075073505896752
          ],
          [
            1.411984298609109,
            -0.7082196588067404
          ],
          [
            1.4098365029773559,
            -0.7092885581469258
          ],
          [
            1.406961010880608,
            -0.7107145548428387
          ],
          [
            1.403347686319727,
            -0.7124982932086696
          ],
          [
            1.3989837952089479,
            -0.7146405286475798
          ],
          [
            1.3938539642572043,
            -0.7171420930200089
          ],
          [
            1.3879401333328207,
            -0.7200038517751263
          ],
          [
            1.3812215023739065,
            -0.7232266521257301
          ],
          [
            1.3736744741965992,
            -0.7268112614256704
          ],
          [
            1.36527259489856,
            -0.7307582947902391
          ],
          [
            1.3559864939658817,
            -0.7350681308868784
          ],
          [
            1.3457838266781732,
            -0.7397408147201714
          ],
          [
            1.334629221979684,
            -0.7447759461472128
          ],
          [
            1.3224842396540586,
            -0.7501725527947931
          ],
          [
            1.3093073414159544,
            -0.7559289460184544
          ],
          [
            1.295053881421338,
            -0.7620425585581698
          ],
          [
            1.2796761227035234,
            -0.7685097626221927
          ],
          [
            1.2631232871620828,
            -0.7753256672890518
          ],
          [
            1.2453416479570003,
            -0.7824838943811787
          ],
          [
            1.2262746744701214,
            -0.7899763323595836
          ],
          [
            1.2058632413543555,
            -0.7977928683484152
          ],
          [
            1.1840459145430877,
            -0.8059210991551565
          ],
          [
            1.1607593283579776,
            -0.8143460231421803
          ],
          [
            1.135938668922835,
            -0.8230497160630423
          ],
          [
            1.1095182798193124,
            -0.8320109955323297
          ],
          [
            1.0814324061218739,
            -0.8412050806713923
          ],
          [
            1.051616092398659,
            -0.8506032556674373
          ],
          [
            1.0200062486956922,
            -0.8601725484781731
          ],
          [
            0.986542895637157,
            -0.8698754386502491
          ],
          [
            0.9511705952622479,
            -0.8796696110910706
          ],
          [
            0.913840067780175,
            -0.8895077754746616
          ],
          [
            0.8745099858137982,
            -0.899337573538428
          ],
          [
            0.8331489267826726,
            -0.9091015985302304
          ],
          [
            0.7897374508884727,
            -0.9187375521148813
          ],
          [
            0.7442702570041121,
            -0.9281785637121545
          ],
          [
            0.6967583522557075,
            -0.9373536950588491
          ],
          [
            0.6472311542363695,
            -0.9461886483394651
          ],
          [
            0.5957384290289817,
            -0.9546066891890712
          ],
          [
            0.5423519553487467,
            -0.9625297861013694
          ],
          [
            0.4871667972209468,
            -0.9698799554178709
          ],
          [
            0.43030206682462957,
            -0.9765807866334525
          ],
          [
            0.37190106736759637,
            -0.9825591071394691
          ],
          [
            0.3121307244307621,
            -0.9877467300460083
          ],
          [
            0.25118024348759693,
            -0.99208221500054
          ],
          [
            0.18925897035275419,
            -0.9955125617164525
          ],
          [
            0.12659347779882843,
            -0.9979947509103939
          ],
          [
            0.06342395179247119,
            -0.9994970488124296
          ],
          [
            1.2246467991473535e-16,
            -1.0
          ]
        ]
      },
      "properties": {
        "type": "latitude",
        "value": -45.0
      }
    },
    {
      "type": "Feature",
      "geometry": {
        "type": "LineString",
        "coordinates": [
          [
            2.1211504774498143e-16,
            -1.0000000000000002
          ],
          [
            0.10974319917488107,
            -0.9984934188860312
          ],
          [
            0.21839309433108978,
            -0.9940201779074322
          ],
          [
            0.3249095832301881,
            -0.9867159878512644
          ],
          [
            0.4283530424122873,
            -0.9767949722249982
          ],
          [
            0.5279209105476476,
            -0.9645335028145138
          ],
          [
            0.6229707780227394,
            -0.9502509418213885
          ],
          [
            0.7130294197608459,
            -0.9342897096933467
          ],
          [
            0.7977891747970128,
            -0.9169967874230395
          ],
          [
            0.8770944091028262,
            -0.8987081558437873
          ],
          [
            0.9509213799093587,
            -0.8797369676828527
          ],
          [
            1.0193547441246802,
            -0.8603656062440124
          ],
          [
            1.08256343352158,
            -0.8408413067282627
          ],
          [
            1.1407778909087913,
            -0.8213747323258872
          ],
          [
            1.1942699165017416,
            -0.802140786666986
          ],
          [
            1.243335733411617,
            -0.7832809607704311
          ],
          [
            1.2882823991591772,
            -0.7649066054128232
          ],
          [
            1.3294173707031698,
            -0.7471026459718689
          ],
          [
            1.3670408499429163,
            -0.7299313862595833
          ],
          [
            1.4014404605006474,
            -0.7134361631694413
          ],
          [
            1.43288780054245,
            -0.697644707400662
          ],
          [
            1.4616364519479437,
            -0.6825721358100233
          ],
          [
            1.4879210822251645,
            -0.6682235503687924
          ],
          [
            1.511957338105218,
            -0.6545962510872224
          ],
          [
            1.5339422902502529,
            -0.6416815896887273
          ],
          [
            1.5540552425092964,
            -0.6294665009413472
          ],
          [
            1.5724587648623796,
            -0.6179347523823776
          ],
          [
            1.58929984641528,
            -0.607067952988866
          ],
          [
            1.604711094225096,
            -0.5968463588041096
          ],
          [
            1.6188119264188363,
            -0.5872495097665338
          ],
          [
            1.631709725180634,
            -0.578256727749652
          ],
          [
            1.6435009278360044,
            -0.569847501574367
          ],
          [
            1.6542720434279987,
            -0.5620017807650955
          ],
          [
            1.6641005886756877,
            -0.554700196225229
          ],
          [
            1.6730559416900985,
            -0.5479242228573805
          ],
          [
            1.681200114817032,
            -0.5416562964508027
          ],
          [
            1.6885884498826096,
            -0.5358798948745525
          ],
          [
            1.6952702402420614,
            -0.5305795917083561
          ],
          [
            1.7012892846046166,
            -0.5257410888663525
          ],
          [
            1.7066843777973535,
            -0.5213512334747229
          ],
          [
            1.711489743562509,
            -0.5173980232085202
          ],
          [
            1.715735414245598,
            -0.5138706034361875
          ],
          [
            1.7194475618893124,
            -0.5107592588277032
          ],
          [
            1.722648784844901,
            -0.5080554015243778
          ],
          [
            1.7253583535788946,
            -0.505751557519976
          ],
          [
            1.7275924189085616,
            -0.5038413525430563
          ],
          [
            1.729364185456947,
            -0.5023194984416866
          ],
          [
            1.7306840526850178,
            -0.5011817808394883
          ],
          [
            1.7315597254377466,
            -0.5004250486441392
          ],
          [
            1.7319962955337997,
            -0.5000472058359077
          ],
          [
            1.7319962955337997,
            -0.5000472058359077
          ],
          [
            1.7315597254377466,
            -0.5004250486441392
          ],
          [
            1.7306840526850178,
            -0.5011817808394883
          ],
          [
            1.729364185456947,
            -0.5023194984416866
          ],
          [
            1.7275924189085619,
            -0.5038413525430563
          ],
          [
            1.7253583535788946,
            -0.505751557519976
          ],
          [
            1.7226487848449008,
            -0.5080554015243777
          ],
          [
            1.7194475618893126,
            -0.5107592588277032
          ],
          [
            1.715735414245598,
            -0.5138706034361875
          ],
          [
            1.7114897435625087,
            -0.5173980232085202
          ],
          [
            1.7066843777973535,
            -0.5213512334747229
          ],
          [
            1.7012892846046166,
            -0.5257410888663525
          ],
          [
            1.6952702402420614,
            -0.530579591708356
          ],
          [
            1.6885884498826096,
            -0.5358798948745525
          ],
          [
            1.681200114817032,
            -0.5416562964508027
          ],
          [
            1.6730559416900987,
            -0.5479242228573805
          ],
          [
            1.6641005886756877,
            -0.554700196225229
          ],
          [
            1.6542720434279985,
            -0.5620017807650955
          ],
          [
            1.6435009278360044,
            -0.5698475015743669
          ],
          [
            1.631709725180634,
            -0.578256727749652
          ],
          [
            1.6188119264188363,
            -0.5872495097665338
          ],
          [
            1.604711094225096,
            -0.5968463588041096
          ],
          [
            1.58929984641528,
            -0.6070679529888658
          ],
          [
            1.5724587648623793,
            -0.6179347523823775
          ],
          [
            1.5540552425092966,
            -0.6294665009413472
          ],
          [
            1.5339422902502533,
            -0.6416815896887273
          ],
          [
            1.5119573381052178,
            -0.6545962510872224
          ],
          [
            1.4879210822251645,
            -0.6682235503687924
          ],
          [
            1.4616364519479434,
            -0.6825721358100232
          ],
          [
            1.4328878005424504,
            -0.6976447074006619
          ],
          [
            1.4014404605006474,
            -0.713436163169441
          ],
          [
            1.3670408499429163,
            -0.7299313862595835
          ],
          [
            1.3294173707031698,
            -0.7471026459718689
          ],
          [
            1.2882823991591772,
            -0.7649066054128232
          ],
          [
            1.243335733411617,
            -0.7832809607704311
          ],
          [
            1.194269916501742,
            -0.8021407866669857
          ],
          [
            1.1407778909087916,
            -0.8213747323258871
          ],
          [
            1.08256343352158,
            -0.8408413067282627
          ],
          [
            1.0193547441246802,
            -0.8603656062440124
          ],
          [
            0.9509213799093587,
            -0.8797369676828527
          ],
          [
            0.8770944091028268,
            -0.8987081558437873
          ],
          [
            0.7977891747970135,
            -0.9169967874230395
          ],
          [
            0.7130294197608459,
            -0.9342897096933467
          ],
          [
            0.6229707780227394,
            -0.9502509418213885
          ],
          [
            0.5279209105476476,
            -0.9645335028145138
          ],
          [
            0.42835304241228855,
            -0.9767949722249978
          ],
          [
            0.32490958323018887,
            -0.9867159878512644
          ],
          [
            0.21839309433109044,
            -0.9940201779074318
          ],
          [
            0.10974319917488107,
            -0.9984934188860312
          ],
          [
            2.1211504774498143e-16,
            -1.0000000000000002
          ]
        ]
      },
      "properties": {
        "type": "latitude",
        "value": -30.0
      }
    },
    {
      "type": "Feature",
      "geometry": {
        "type": "LineString",
        "coordinates": [
          [
            4.570444075744521e-16,
            -1.0
          ],
          [
            0.23517754766577276,
            -0.9930623748126185
          ],
          [
            0.4606732634628412,
            -0.9731110091262076
          ],
          [
            0.6686778463823217,
            -0.9424529083404507
          ],
          [
            0.8543486062588498,
            -0.9041692954009724
          ],
          [
            1.0158749994020544,
            -0.8613939263760049
          ],
          [
            1.153816558209753,
            -0.8168089357372684
          ],
          [
            1.2701996274319298,
            -0.7724300787889781
          ],
          [
            1.367724630684925,
            -0.7296110838347
          ],
          [
            1.4492196735333995,
            -0.6891593316940118
          ],
          [
            1.5173305355765063,
            -0.651480630143198
          ],
          [
            1.5743814373136222,
            -0.616709633831492
          ],
          [
            1.622339314747965,
            -0.5848108984584477
          ],
          [
            1.6628319794940543,
            -0.5556504764624709
          ],
          [
            1.6971892833586757,
            -0.5290436032248349
          ],
          [
            1.7264902910155382,
            -0.504784923266604
          ],
          [
            1.7516081835451311,
            -0.48266675132479464
          ],
          [
            1.7732495360996494,
            -0.46248948169725373
          ],
          [
            1.7919871485227603,
            -0.4440670162062441
          ],
          [
            1.8082867822256738,
            -0.42722912857971146
          ],
          [
            1.822528609242133,
            -0.41182200903240274
          ],
          [
            1.8350242764625655,
            -0.3977077773922199
          ],
          [
            1.8460304269196344,
            -0.38476345424393993
          ],
          [
            1.8557594011760516,
            -0.37287968734791027
          ],
          [
            1.8643877132488023,
            -0.36195940887304723
          ],
          [
            1.8720627776516443,
            -0.3519165229607766
          ],
          [
            1.8789082640690187,
            -0.34267467633790394
          ],
          [
            1.8850283746254664,
            -0.33416613639658055
          ],
          [
            1.890511273821156,
            -0.3263307844638285
          ],
          [
            1.8954318502865561,
            -0.31911522249780044
          ],
          [
            1.8998539498819442,
            -0.31247198639157014
          ],
          [
            1.903832188959314,
            -0.3063588566870505
          ],
          [
            1.907413432849015,
            -0.3007382567063663
          ],
          [
            1.9106380062558552,
            -0.2955767282156405
          ],
          [
            1.9135406880134629,
            -0.2908444753287241
          ],
          [
            1.916151531593673,
            -0.2865149681828254
          ],
          [
            1.918496544162868,
            -0.2825645988243804
          ],
          [
            1.9205982502551053,
            -0.2789723826461267
          ],
          [
            1.9224761608608303,
            -0.27571969956905656
          ],
          [
            1.9241471645798642,
            -0.2727900699435692
          ],
          [
            1.9256258542053195,
            -0.27016896084489145
          ],
          [
            1.9269247994972147,
            -0.2678436190590596
          ],
          [
            1.9280547748215402,
            -0.26580292760232155
          ],
          [
            1.9290249486571034,
            -0.26403728309580643
          ],
          [
            1.9298430406192613,
            -0.2625384917366421
          ],
          [
            1.9305154505469055,
            -0.26129968197439435
          ],
          [
            1.9310473632921124,
            -0.2603152323254352
          ],
          [
            1.9314428320974606,
            -0.25958071304477787
          ],
          [
            1.9317048428095318,
            -0.259092840631598
          ],
          [
            1.9318353606305736,
            -0.25884944437710433
          ],
          [
            1.9318353606305736,
            -0.25884944437710433
          ],
          [
            1.9317048428095318,
            -0.259092840631598
          ],
          [
            1.9314428320974606,
            -0.25958071304477787
          ],
          [
            1.9310473632921124,
            -0.2603152323254352
          ],
          [
            1.9305154505469055,
            -0.2612996819743943
          ],
          [
            1.9298430406192613,
            -0.2625384917366421
          ],
          [
            1.9290249486571032,
            -0.2640372830958064
          ],
          [
            1.9280547748215402,
            -0.26580292760232155
          ],
          [
            1.9269247994972147,
            -0.2678436190590596
          ],
          [
            1.9256258542053193,
            -0.2701689608448914
          ],
          [
            1.9241471645798642,
            -0.2727900699435692
          ],
          [
            1.9224761608608303,
            -0.27571969956905656
          ],
          [
            1.9205982502551053,
            -0.27897238264612667
          ],
          [
            1.918496544162868,
            -0.2825645988243804
          ],
          [
            1.9161515315936732,
            -0.2865149681828254
          ],
          [
            1.9135406880134629,
            -0.29084447532872404
          ],
          [
            1.9106380062558552,
            -0.2955767282156405
          ],
          [
            1.907413432849015,
            -0.3007382567063663
          ],
          [
            1.9038321889593142,
            -0.3063588566870505
          ],
          [
            1.8998539498819442,
            -0.31247198639157014
          ],
          [
            1.8954318502865561,
            -0.3191152224978004
          ],
          [
            1.890511273821156,
            -0.3263307844638285
          ],
          [
            1.8850283746254664,
            -0.3341661363965805
          ],
          [
            1.8789082640690182,
            -0.3426746763379039
          ],
          [
            1.8720627776516443,
            -0.3519165229607765
          ],
          [
            1.864387713248802,
            -0.3619594088730471
          ],
          [
            1.855759401176052,
            -0.3728796873479103
          ],
          [
            1.8460304269196344,
            -0.38476345424393993
          ],
          [
            1.8350242764625655,
            -0.3977077773922199
          ],
          [
            1.8225286092421333,
            -0.4118220090324027
          ],
          [
            1.8082867822256738,
            -0.4272291285797113
          ],
          [
            1.79198714852276,
            -0.4440670162062443
          ],
          [
            1.7732495360996494,
            -0.46248948169725373
          ],
          [
            1.7516081835451311,
            -0.48266675132479464
          ],
          [
            1.7264902910155382,
            -0.504784923266604
          ],
          [
            1.6971892833586757,
            -0.5290436032248347
          ],
          [
            1.662831979494054,
            -0.5556504764624706
          ],
          [
            1.622339314747965,
            -0.5848108984584477
          ],
          [
            1.5743814373136222,
            -0.616709633831492
          ],
          [
            1.5173305355765063,
            -0.651480630143198
          ],
          [
            1.4492196735334004,
            -0.6891593316940118
          ],
          [
            1.367724630684926,
            -0.7296110838347
          ],
          [
            1.2701996274319298,
            -0.7724300787889781
          ],
          [
            1.153816558209753,
            -0.8168089357372684
          ],
          [
            1.0158749994020544,
            -0.8613939263760049
          ],
          [
            0.8543486062588521,
            -0.9041692954009716
          ],
          [
            0.6686778463823233,
            -0.9424529083404507
          ],
          [
            0.4606732634628421,
            -0.9731110091262061
          ],
          [
            0.23517754766577276,
            -0.9930623748126185
          ],
          [
            4.570444075744521e-16,
            -1.0
          ]
        ]
      },
      "properties": {
        "type": "latitude",
        "value": -15.0
      }
    },
    {
      "type": "Feature",
      "geometry": {
        "type": "LineString",
        "coordinates": [
          [
            2.0,
            0.0
          ],
          [
            1.999999999999888,
            0.0
          ],
          [
            2.000000000000021,
            0.0
          ],
          [
            1.9999999999999953,
            0.0
          ],
          [
            2.000000000000003,
            0.0
          ],
          [
            1.9999999999999971,
            0.0
          ],
          [
            2.0,
            0.0
          ],
          [
            2.0,
            0.0
          ],
          [
            2.0,
            0.0
          ],
          [
            1.999999999999999,
            0.0
          ],
          [
            2.0,
            0.0
          ],
          [
            2.0,
            0.0
          ],
          [
            2.0000000000000013,
            0.0
          ],
          [
            2.0,
            0.0
          ],
          [
            2.000000000000001,
            0.0
          ],
          [
            2.0,
            0.0
          ],
          [
            2.0,
            0.0
          ],
          [
            2.0,
            0.0
          ],
          [
            2.0,
            0.0
          ],
          [
            2.0000000000000004,
            0.0
          ],
          [
            2.0,
            0.0
          ],
          [
            2.0000000000000004,
            0.0
          ],
          [
            2.0,
            0.0
          ],
          [
            2.0,
            0.0
          ],
          [
            2.0000000000000004,
            0.0
          ],
          [
            2.0,
            0.0
          ],
          [
            2.0,
            0.0
          ],
          [
            2.0,
            0.0
          ],
          [
            2.0,
            0.0
          ],
          [
            2.0,
            0.0
          ],
          [
            2.0,
            0.0
          ],
          [
            1.9999999999999998,
            0.0
          ],
          [
            2.0,
            0.0
          ],
          [
            2.0,
            0.0
          ],
          [
            2.0,
            0.0
          ],
          [
            2.0,
            0.0
          ],
          [
            2.0,
            0.0
          ],
          [
            2.0,
            0.0
          ],
          [
            2.0,
            0.0
          ],
          [
            2.0,
            0.0
          ],
          [
            2.0,
            0.0
          ],
          [
            2.0,
            0.0
          ],
          [
            2.0,
            0.0
          ],
          [
            2.0,
            0.0
          ],
          [
            2.0,
            0.0
          ],
          [
            2.0,
            0.0
          ],
          [
            2.0,
            0.0
          ],
          [
            2.0,
            0.0
          ],
          [
            2.0,
            0.0
          ],
          [
            2.0,
            0.0
          ],
          [
            2.0,
            0.0
          ],
          [
            2.0,
            0.0
          ],
          [
            2.0,
            0.0
          ],
          [
            2.0,
            0.0
          ],
          [
            2.0,
            0.0
          ],
          [
            2.0,
            0.0
          ],
          [
            2.0,
            0.0
          ],
          [
            2.0,
            0.0
          ],
          [
            2.0,
            0.0
          ],
          [
            2.0,
            0.0
          ],
          [
            2.0,
            0.0
          ],
          [
            2.0,
            0.0
          ],
          [
            2.0,
            0.0
          ],
          [
            2.0,
            0.0
          ],
          [
            2.0,
            0.0
          ],
          [
            2.0,
            0.0
          ],
          [
            2.0,
            0.0
          ],
          [
            2.0,
            0.0
          ],
          [
            2.0,
            0.0
          ],
          [
            2.0,
            0.0
          ],
          [
            2.0,
            0.0
          ],
          [
            2.0,
            0.0
          ],
          [
            2.0,
            0.0
          ],
          [
            2.0,
            0.0
          ],
          [
            2.0000000000000004,
            0.0
          ],
          [
            2.0000000000000004,
            0.0
          ],
          [
            2.0,
            0.0
          ],
          [
            2.0,
            0.0
          ],
          [
            2.0,
            0.0
          ],
          [
            2.0,
            0.0
          ],
          [
            1.9999999999999996,
            0.0
          ],
          [
            2.0000000000000004,
            0.0
          ],
          [
            2.0,
            0.0
          ],
          [
            2.0,
            0.0
          ],
          [
            2.0,
            0.0
          ],
          [
            2.0,
            0.0
          ],
          [
            2.0,
            0.0
          ],
          [
            2.0000000000000013,
            0.0
          ],
          [
            2.0,
            0.0
          ],
          [
            2.0,
            0.0
          ],
          [
            2.0,
            0.0
          ],
          [
            2.0000000000000018,
            0.0
          ],
          [
            2.0,
            0.0
          ],
          [
            2.0,
            0.0
          ],
          [
            1.9999999999999971,
            0.0
          ],
          [
            1.9999999999999964,
            0.0
          ],
          [
            2.0,
            0.0
          ],
          [
            1.9999999999999725,
            0.0
          ],
          [
            1.999999999999888,
            0.0
          ],
          [
            2.0,
            0.0
          ]
        ]
      },
      "properties": {
        "type": "latitude",
        "value": 0.0
      }
    },
    {
      "type": "Feature",
      "geometry": {
        "type": "LineString",
        "coordinates": [
          [
            4.570444075744521e-16,
            1.0
          ],
          [
            0.23517754766577276,
            0.9930623748126185
          ],
          [
            0.4606732634628412,
            0.9731110091262076
          ],
          [
            0.6686778463823217,
            0.9424529083404507
          ],
          [
            0.8543486062588498,
            0.9041692954009724
          ],
          [
            1.0158749994020544,
            0.8613939263760049
          ],
          [
            1.153816558209753,
            0.8168089357372684
          ],
          [
            1.2701996274319298,
            0.7724300787889781
          ],
          [
            1.367724630684925,
            0.7296110838347
          ],
          [
            1.4492196735333995,
            0.6891593316940118
          ],
          [
            1.5173305355765063,
            0.651480630143198
          ],
          [
            1.5743814373136222,
            0.616709633831492
          ],
          [
            1.622339314747965,
            0.5848108984584477
          ],
          [
            1.6628319794940543,
            0.5556504764624709
          ],
          [
            1.6971892833586757,
            0.5290436032248349
          ],
          [
            1.7264902910155382,
            0.504784923266604
          ],
          [
            1.7516081835451311,
            0.48266675132479464
          ],
          [
            1.7732495360996494,
            0.46248948169725373
          ],
          [
            1.7919871485227603,
            0.4440670162062441
          ],
          [
            1.8082867822256738,
            0.42722912857971146
          ],
          [
            1.822528609242133,
            0.41182200903240274
          ],
          [
            1.8350242764625655,
            0.3977077773922199
          ],
          [
            1.8460304269196344,
            0.38476345424393993
          ],
          [
            1.8557594011760516,
            0.37287968734791027
          ],
          [
            1.8643877132488023,
            0.36195940887304723
          ],
          [
            1.8720627776516443,
            0.3519165229607766
          ],
          [
            1.8789082640690187,
            0.34267467633790394
          ],
          [
            1.8850283746254664,
            0.33416613639658055
          ],
          [
            1.890511273821156,
            0.3263307844638285
          ],
          [
            1.8954318502865561,
            0.31911522249780044
          ],
          [
            1.8998539498819442,
            0.31247198639157014
          ],
          [
            1.903832188959314,
            0.3063588566870505
          ],
          [
            1.907413432849015,
            0.3007382567063663
          ],
          [
            1.9106380062558552,
            0.2955767282156405
          ],
          [
            1.9135406880134629,
            0.2908444753287241
          ],
          [
            1.916151531593673,
            0.2865149681828254
          ],
          [
            1.918496544162868,
            0.2825645988243804
          ],
          [
            1.9205982502551053,
            0.2789723826461267
          ],
          [
            1.9224761608608303,
            0.27571969956905656
          ],
          [
            1.9241471645798642,
            0.2727900699435692
          ],
          [
            1.9256258542053195,
            0.27016896084489145
          ],
          [
            1.9269247994972147,
            0.2678436190590596
          ],
          [
            1.9280547748215402,
            0.26580292760232155
          ],
          [
            1.9290249486571034,
            0.26403728309580643
          ],
          [
            1.9298430406192613,
            0.2625384917366421
          ],
          [
            1.9305154505469055,
            0.26129968197439435
          ],
          [
            1.9310473632921124,
            0.2603152323254352
          ],
          [
            1.9314428320974606,
            0.25958071304477787
          ],
          [
            1.9317048428095318,
            0.259092840631598
          ],
          [
            1.9318353606305736,
            0.25884944437710433
          ],
          [
            1.9318353606305736,
            0.25884944437710433
          ],
          [
            1.9317048428095318,
            0.259092840631598
          ],
          [
            1.9314428320974606,
            0.25958071304477787
          ],
          [
            1.9310473632921124,
            0.2603152323254352
          ],
          [
            1.9305154505469055,
            0.2612996819743943
          ],
          [
            1.9298430406192613,
            0.2625384917366421
          ],
          [
            1.9290249486571032,
            0.2640372830958064
          ],
          [
            1.9280547748215402,
            0.26580292760232155
          ],
          [
            1.9269247994972147,
            0.2678436190590596
          ],
          [
            1.9256258542053193,
            0.2701689608448914
          ],
          [
            1.9241471645798642,
            0.2727900699435692
          ],
          [
            1.9224761608608303,
            0.27571969956905656
          ],
          [
            1.9205982502551053,
            0.27897238264612667
          ],
          [
            1.918496544162868,
            0.2825645988243804
          ],
          [
            1.9161515315936732,
            0.2865149681828254
          ],
          [
            1.9135406880134629,
            0.29084447532872404
          ],
          [
            1.9106380062558552,
            0.2955767282156405
          ],
          [
            1.907413432849015,
            0.3007382567063663
          ],
          [
            1.9038321889593142,
            0.3063588566870505
          ],
          [
            1.8998539498819442,
            0.31247198639157014
          ],
          [
            1.8954318502865561,
            0.3191152224978004
          ],
          [
            1.890511273821156,
            0.3263307844638285
          ],
          [
            1.8850283746254664,
            0.3341661363965805
          ],
          [
            1.8789082640690182,
            0.3426746763379039
          ],
          [
            1.8720627776516443,
            0.3519165229607765
          ],
          [
            1.864387713248802,
            0.3619594088730471
          ],
          [
            1.855759401176052,
            0.3728796873479103
          ],
          [
            1.8460304269196344,
            0.38476345424393993
          ],
          [
            1.8350242764625655,
            0.3977077773922199
          ],
          [
            1.8225286092421333,
            0.4118220090324027
          ],
          [
            1.8082867822256738,
            0.4272291285797113
          ],
          [
            1.79198714852276,
            0.4440670162062443
          ],
          [
            1.7732495360996494,
            0.46248948169725373
          ],
          [
            1.7516081835451311,
            0.48266675132479464
          ],
          [
            1.7264902910155382,
            0.504784923266604
          ],
          [
            1.6971892833586757,
            0.5290436032248347
          ],
          [
            1.662831979494054,
            0.5556504764624706
          ],
          [
            1.622339314747965,
            0.5848108984584477
          ],
          [
            1.5743814373136222,
            0.616709633831492
          ],
          [
            1.5173305355765063,
            0.651480630143198
          ],
          [
            1.4492196735334004,
            0.6891593316940118
          ],
          [
            1.367724630684926,
            0.7296110838347
          ],
          [
            1.2701996274319298,
            0.7724300787889781
          ],
          [
            1.153816558209753,
            0.8168089357372684
          ],
          [
            1.0158749994020544,
            0.8613939263760049
          ],
          [
            0.8543486062588521,
            0.9041692954009716
          ],
          [
            0.6686778463823233,
            0.9424529083404507
          ],
          [
            0.4606732634628421,
            0.9731110091262061
          ],
          [
            0.23517754766577276,
            0.9930623748126185
          ],
          [
            4.570444075744521e-16,
            1.0
          ]
        ]
      },
      "properties": {
        "type": "latitude",
        "value": 15.0
      }
    },
    {
      "type": "Feature",
      "geometry": {
        "type": "LineString",
        "coordinates": [
          [
            2.1211504774498143e-16,
            1.0000000000000002
          ],
          [
            0.10974319917488107,
            0.9984934188860312
          ],
          [
            0.21839309433108978,
            0.9940201779074322
          ],
          [
            0.3249095832301881,
            0.9867159878512644
          ],
          [
            0.4283530424122873,
            0.9767949722249982
          ],
          [
            0.5279209105476476,
            0.9645335028145138
          ],
          [
            0.6229707780227394,
            0.9502509418213885
          ],
          [
            0.7130294197608459,
            0.9342897096933467
          ],
          [
            0.7977891747970128,
            0.9169967874230395
          ],
          [
            0.8770944091028262,
            0.8987081558437873
          ],
          [
            0.9509213799093587,
            0.8797369676828527
          ],
          [
            1.0193547441246802,
            0.8603656062440124
          ],
          [
            1.08256343352158,
            0.8408413067282627
          ],
          [
            1.1407778909087913,
            0.8213747323258872
          ],
          [
            1.1942699165017416,
            0.802140786666986
          ],
          [
            1.243335733411617,
            0.7832809607704311
          ],
          [
            1.2882823991591772,
            0.7649066054128232
          ],
          [
            1.3294173707031698,
            0.7471026459718689
          ],
          [
            1.3670408499429163,
            0.7299313862595833
          ],
          [
            1.4014404605006474,
            0.7134361631694413
          ],
          [
            1.43288780054245,
            0.697644707400662
          ],
          [
            1.4616364519479437,
            0.6825721358100233
          ],
          [
            1.4879210822251645,
            0.6682235503687924
          ],
          [
            1.511957338105218,
            0.6545962510872224
          ],
          [
            1.5339422902502529,
            0.6416815896887273
          ],
          [
            1.5540552425092964,
            0.6294665009413472
          ],
          [
            1.5724587648623796,
            0.6179347523823776
          ],
          [
            1.58929984641528,
            0.607067952988866
          ],
          [
            1.604711094225096,
            0.5968463588041096
          ],
          [
            1.6188119264188363,
            0.5872495097665338
          ],
          [
            1.631709725180634,
            0.578256727749652
          ],
          [
            1.6435009278360044,
            0.569847501574367
          ],
          [
            1.6542720434279987,
            0.5620017807650955
          ],
          [
            1.6641005886756877,
            0.554700196225229
          ],
          [
            1.6730559416900985,
            0.5479242228573805
          ],
          [
            1.681200114817032,
            0.5416562964508027
          ],
          [
            1.6885884498826096,
            0.5358798948745525
          ],
          [
            1.6952702402420614,
            0.5305795917083561
          ],
          [
            1.7012892846046166,
            0.5257410888663525
          ],
          [
            1.7066843777973535,
            0.5213512334747229
          ],
          [
            1.711489743562509,
            0.5173980232085202
          ],
          [
            1.715735414245598,
            0.5138706034361875
          ],
          [
            1.7194475618893124,
            0.5107592588277032
          ],
          [
            1.722648784844901,
            0.5080554015243778
          ],
          [
            1.7253583535788946,
            0.505751557519976
          ],
          [
            1.7275924189085616,
            0.5038413525430563
          ],
          [
            1.729364185456947,
            0.5023194984416866
          ],
          [
            1.7306840526850178,
            0.5011817808394883
          ],
          [
            1.7315597254377466,
            0.5004250486441392
          ],
          [
            1.7319962955337997,
            0.5000472058359077
          ],
          [
            1.7319962955337997,
            0.5000472058359077
          ],
          [
            1.7315597254377466,
            0.5004250486441392
          ],
          [
            1.7306840526850178,
            0.5011817808394883
          ],
          [
            1.729364185456947,
            0.5023194984416866
          ],
          [
            1.7275924189085619,
            0.5038413525430563
          ],
          [
            1.7253583535788946,
            0.505751557519976
          ],
          [
            1.7226487848449008,
            0.5080554015243777
          ],
          [
            1.7194475618893126,
            0.5107592588277032
          ],
          [
            1.715735414245598,
            0.5138706034361875
          ],
          [
            1.7114897435625087,
            0.5173980232085202
          ],
          [
            1.7066843777973535,
            0.5213512334747229
          ],
          [
            1.7012892846046166,
            0.5257410888663525
          ],
          [
            1.6952702402420614,
            0.530579591708356
          ],
          [
            1.6885884498826096,
            0.5358798948745525
          ],
          [
            1.681200114817032,
            0.5416562964508027
          ],
          [
            1.6730559416900987,
            0.5479242228573805
          ],
          [
            1.6641005886756877,
            0.554700196225229
          ],
          [
            1.6542720434279985,
            0.5620017807650955
          ],
          [
            1.6435009278360044,
            0.5698475015743669
          ],
          [
            1.631709725180634,
            0.578256727749652
          ],
          [
            1.6188119264188363,
            0.5872495097665338
          ],
          [
            1.604711094225096,
            0.5968463588041096
          ],
          [
            1.58929984641528,
            0.6070679529888658
          ],
          [
            1.5724587648623793,
            0.6179347523823775
          ],
          [
            1.5540552425092966,
            0.6294665009413472
          ],
          [
            1.5339422902502533,
            0.6416815896887273
          ],
          [
            1.5119573381052178,
            0.6545962510872224
          ],
          [
            1.4879210822251645,
            0.6682235503687924
          ],
          [
            1.4616364519479434,
            0.6825721358100232
          ],
          [
            1.4328878005424504,
            0.6976447074006619
          ],
          [
            1.4014404605006474,
            0.713436163169441
          ],
          [
            1.3670408499429163,
            0.7299313862595835
          ],
          [
            1.3294173707031698,
            0.7471026459718689
          ],
          [
            1.2882823991591772,
            0.7649066054128232
          ],
          [
            1.243335733411617,
            0.7832809607704311
          ],
          [
            1.194269916501742,
            0.8021407866669857
          ],
          [
            1.1407778909087916,
            0.8213747323258871
          ],
          [
            1.08256343352158,
            0.8408413067282627
          ],
          [
            1.0193547441246802,
            0.8603656062440124
          ],
          [
            0.9509213799093587,
            0.8797369676828527
          ],
          [
            0.8770944091028268,
            0.8987081558437873
          ],
          [
            0.7977891747970135,
            0.9169967874230395
          ],
          [
            0.7130294197608459,
            0.9342897096933467
          ],
          [
            0.6229707780227394,
            0.9502509418213885
          ],
          [
            0.5279209105476476,
            0.9645335028145138
          ],
          [
            0.42835304241228855,
            0.9767949722249978
          ],
          [
            0.32490958323018887,
            0.9867159878512644
          ],
          [
            0.21839309433109044,
            0.9940201779074318
          ],
          [
            0.10974319917488107,
            0.9984934188860312
          ],
          [
            2.1211504774498143e-16,
            1.0000000000000002
          ]
        ]
      },
      "properties": {
        "type": "latitude",
        "value": 30.0
      }
    },
    {
      "type": "Feature",
      "geometry": {
        "type": "LineString",
        "coordinates": [
          [
            1.2246467991473535e-16,
            1.0
          ],
          [
            0.06342395179247119,
            0.9994970488124296
          ],
          [
            0.126593477798828,
            0.997994750910394
          ],
          [
            0.1892589703527537,
            0.9955125617164525
          ],
          [
            0.25118024348759604,
            0.9920822150005401
          ],
          [
            0.3121307244307621,
            0.9877467300460083
          ],
          [
            0.37190106736759637,
            0.9825591071394691
          ],
          [
            0.43030206682462957,
            0.9765807866334525
          ],
          [
            0.4871667972209463,
            0.9698799554178709
          ],
          [
            0.5423519553487464,
            0.9625297861013694
          ],
          [
            0.5957384290289817,
            0.9546066891890712
          ],
          [
            0.6472311542363695,
            0.9461886483394651
          ],
          [
            0.6967583522557075,
            0.9373536950588491
          ],
          [
            0.744270257004112,
            0.9281785637121546
          ],
          [
            0.7897374508884725,
            0.9187375521148815
          ],
          [
            0.8331489267826726,
            0.9091015985302304
          ],
          [
            0.8745099858137982,
            0.899337573538428
          ],
          [
            0.913840067780175,
            0.8895077754746616
          ],
          [
            0.9511705952622481,
            0.8796696110910704
          ],
          [
            0.9865428956371567,
            0.8698754386502492
          ],
          [
            1.0200062486956922,
            0.8601725484781733
          ],
          [
            1.051616092398659,
            0.8506032556674374
          ],
          [
            1.0814324061218739,
            0.8412050806713923
          ],
          [
            1.1095182798193126,
            0.8320109955323297
          ],
          [
            1.1359386689228348,
            0.8230497160630424
          ],
          [
            1.1607593283579771,
            0.8143460231421803
          ],
          [
            1.184045914543088,
            0.8059210991551566
          ],
          [
            1.2058632413543555,
            0.7977928683484152
          ],
          [
            1.2262746744701214,
            0.7899763323595836
          ],
          [
            1.2453416479570003,
            0.7824838943811787
          ],
          [
            1.2631232871620828,
            0.7753256672890518
          ],
          [
            1.2796761227035234,
            0.7685097626221927
          ],
          [
            1.295053881421338,
            0.7620425585581698
          ],
          [
            1.3093073414159544,
            0.7559289460184544
          ],
          [
            1.3224842396540584,
            0.7501725527947931
          ],
          [
            1.334629221979684,
            0.7447759461472128
          ],
          [
            1.3457838266781732,
            0.7397408147201714
          ],
          [
            1.3559864939658817,
            0.7350681308868784
          ],
          [
            1.36527259489856,
            0.7307582947902391
          ],
          [
            1.3736744741965992,
            0.7268112614256704
          ],
          [
            1.3812215023739067,
            0.7232266521257302
          ],
          [
            1.3879401333328207,
            0.7200038517751263
          ],
          [
            1.393853964257204,
            0.7171420930200089
          ],
          [
            1.3989837952089479,
            0.7146405286475798
          ],
          [
            1.403347686319727,
            0.7124982932086696
          ],
          [
            1.406961010880608,
            0.7107145548428387
          ],
          [
            1.4098365029773559,
            0.7092885581469258
          ],
          [
            1.411984298609109,
            0.7082196588067404
          ],
          [
            1.4134119694718568,
            0.7075073505896752
          ],
          [
            1.4141245487947331,
            0.7071512851745537
          ],
          [
            1.4141245487947331,
            0.7071512851745537
          ],
          [
            1.4134119694718568,
            0.7075073505896752
          ],
          [
            1.411984298609109,
            0.7082196588067404
          ],
          [
            1.4098365029773559,
            0.7092885581469258
          ],
          [
            1.406961010880608,
            0.7107145548428387
          ],
          [
            1.403347686319727,
            0.7124982932086696
          ],
          [
            1.3989837952089479,
            0.7146405286475798
          ],
          [
            1.3938539642572043,
            0.7171420930200089
          ],
          [
            1.3879401333328207,
            0.7200038517751263
          ],
          [
            1.3812215023739065,
            0.7232266521257301
          ],
          [
            1.3736744741965992,
            0.7268112614256704
          ],
          [
            1.36527259489856,
            0.7307582947902391
          ],
          [
            1.3559864939658817,
            0.7350681308868784
          ],
          [
            1.3457838266781732,
            0.7397408147201714
          ],
          [
            1.334629221979684,
            0.7447759461472128
          ],
          [
            1.3224842396540586,
            0.7501725527947931
          ],
          [
            1.3093073414159544,
            0.7559289460184544
          ],
          [
            1.295053881421338,
            0.7620425585581698
          ],
          [
            1.2796761227035234,
            0.7685097626221927
          ],
          [
            1.2631232871620828,
            0.7753256672890518
          ],
          [
            1.2453416479570003,
            0.7824838943811787
          ],
          [
            1.2262746744701214,
            0.7899763323595836
          ],
          [
            1.2058632413543555,
            0.7977928683484152
          ],
          [
            1.1840459145430877,
            0.8059210991551565
          ],
          [
            1.1607593283579776,
            0.8143460231421803
          ],
          [
            1.135938668922835,
            0.8230497160630423
          ],
          [
            1.1095182798193124,
            0.8320109955323297
          ],
          [
            1.0814324061218739,
            0.8412050806713923
          ],
          [
            1.051616092398659,
            0.8506032556674373
          ],
          [
            1.0200062486956922,
            0.8601725484781731
          ],
          [
            0.986542895637157,
            0.8698754386502491
          ],
          [
            0.9511705952622479,
            0.8796696110910706
          ],
          [
            0.913840067780175,
            0.8895077754746616
          ],
          [
            0.8745099858137982,
            0.899337573538428
          ],
          [
            0.8331489267826726,
            0.9091015985302304
          ],
          [
            0.7897374508884727,
            0.9187375521148813
          ],
          [
            0.7442702570041121,
            0.9281785637121545
          ],
          [
            0.6967583522557075,
            0.9373536950588491
          ],
          [
            0.6472311542363695,
            0.9461886483394651
          ],
          [
            0.5957384290289817,
            0.9546066891890712
          ],
          [
            0.5423519553487467,
            0.9625297861013694
          ],
          [
            0.4871667972209468,
            0.9698799554178709
          ],
          [
            0.43030206682462957,
            0.9765807866334525
          ],
          [
            0.37190106736759637,
            0.9825591071394691
          ],
          [
            0.3121307244307621,
            0.9877467300460083
          ],
          [
            0.25118024348759693,
            0.99208221500054
          ],
          [
            0.18925897035275419,
            0.9955125617164525
          ],
          [
            0.12659347779882843,
            0.9979947509103939
          ],
          [
            0.06342395179247119,
            0.9994970488124296
          ],
          [
            1.2246467991473535e-16,
            1.0
          ]
        ]
      },
      "properties": {
        "type": "latitude",
        "value": 45.0
      }
    },
    {
      "type": "Feature",
      "geometry": {
        "type": "LineString",
        "coordinates": [
          [
            7.070501591499381e-17,
            1.0
          ],
          [
            0.03663011671769372,
            0.9998322652511831
          ],
          [
            0.07318658396328294,
            0.9993302412025499
          ],
          [
            0.10959634274332626,
            0.9984974513809847
          ],
          [
            0.14578750303150742,
            0.9973397119286685
          ],
          [
            0.1816898987079067,
            0.995865048677218
          ],
          [
            0.2172356082282607,
            0.9940835843275073
          ],
          [
            0.2523594315009147,
            0.9920073988298342
          ],
          [
            0.2869993149428423,
            0.98965036669805
          ],
          [
            0.32109671839622933,
            0.9870279754691825
          ],
          [
            0.3545969194272236,
            0.9841571298238817
          ],
          [
            0.3874492524105758,
            0.9810559460100232
          ],
          [
            0.4196072816443151,
            0.9777435411690364
          ],
          [
            0.4510289094626727,
            0.9742398219674805
          ],
          [
            0.48167642186167337,
            0.9705652766072119
          ],
          [
            0.5115164754738991,
            0.9667407738528928
          ],
          [
            0.5405200307971243,
            0.9627873722046676
          ],
          [
            0.568662237382185,
            0.9587261417860014
          ],
          [
            0.5959222772196142,
            0.9545780009398641
          ],
          [
            0.6222831728459234,
            0.9503635689556932
          ],
          [
            0.6477315667424405,
            0.9461030358060089
          ],
          [
            0.6722574784527994,
            0.9418160492718687
          ],
          [
            0.6958540455341975,
            0.9375216193925464
          ],
          [
            0.7185172540185865,
            0.9332380397944554
          ],
          [
            0.7402456635286593,
            0.9289828251408923
          ],
          [
            0.7610401316031588,
            0.9247726636976039
          ],
          [
            0.7809035411663752,
            0.9206233838266622
          ],
          [
            0.7998405344532192,
            0.9165499330976994
          ],
          [
            0.8178572560947244,
            0.912566368634798
          ],
          [
            0.8349611074954197,
            0.9086858572920048
          ],
          [
            0.8511605141054465,
            0.9049206842629569
          ],
          [
            0.8664647067143242,
            0.9012822687730049
          ],
          [
            0.8808835174742261,
            0.8977811855683759
          ],
          [
            0.8944271909999162,
            0.8944271909999157
          ],
          [
            0.9071062105893504,
            0.8912292525930449
          ],
          [
            0.9189311393607652,
            0.8881955810958989
          ],
          [
            0.9299124759051477,
            0.8853336641001457
          ],
          [
            0.9400605239027614,
            0.8826503004304233
          ],
          [
            0.9493852750439281,
            0.8801516345962446
          ],
          [
            0.9578963045224785,
            0.8778431906927027
          ],
          [
            0.9656026783301872,
            0.875729905222148
          ],
          [
            0.972512871567362,
            0.8738161583874212
          ],
          [
            0.9786346969942177,
            0.8721058034778573
          ],
          [
            0.9839752430757541,
            0.8706021940320979
          ],
          [
            0.9885408208161384,
            0.8693082085170016
          ],
          [
            0.9923369187340065,
            0.8682262723100324
          ],
          [
            0.9953681653951096,
            0.8673583768140442
          ],
          [
            0.9976382989911642,
            0.8667060955690251
          ],
          [
            0.999150143531861,
            0.8662705972558836
          ],
          [
            0.9999055912992791,
            0.866052655513572
          ],
          [
            0.9999055912992791,
            0.866052655513572
          ],
          [
            0.999150143531861,
            0.8662705972558836
          ],
          [
            0.9976382989911642,
            0.8667060955690251
          ],
          [
            0.9953681653951096,
            0.8673583768140442
          ],
          [
            0.9923369187340066,
            0.8682262723100324
          ],
          [
            0.9885408208161384,
            0.8693082085170016
          ],
          [
            0.9839752430757541,
            0.8706021940320979
          ],
          [
            0.9786346969942178,
            0.8721058034778573
          ],
          [
            0.972512871567362,
            0.8738161583874212
          ],
          [
            0.9656026783301871,
            0.8757299052221479
          ],
          [
            0.9578963045224785,
            0.8778431906927027
          ],
          [
            0.9493852750439281,
            0.8801516345962446
          ],
          [
            0.9400605239027616,
            0.8826503004304233
          ],
          [
            0.9299124759051477,
            0.8853336641001457
          ],
          [
            0.9189311393607653,
            0.8881955810958989
          ],
          [
            0.9071062105893505,
            0.8912292525930449
          ],
          [
            0.8944271909999162,
            0.8944271909999157
          ],
          [
            0.8808835174742261,
            0.8977811855683759
          ],
          [
            0.8664647067143243,
            0.9012822687730049
          ],
          [
            0.8511605141054465,
            0.9049206842629569
          ],
          [
            0.8349611074954199,
            0.9086858572920047
          ],
          [
            0.8178572560947244,
            0.912566368634798
          ],
          [
            0.7998405344532193,
            0.9165499330976994
          ],
          [
            0.7809035411663752,
            0.9206233838266622
          ],
          [
            0.7610401316031589,
            0.9247726636976039
          ],
          [
            0.7402456635286595,
            0.9289828251408923
          ],
          [
            0.7185172540185863,
            0.9332380397944554
          ],
          [
            0.6958540455341975,
            0.9375216193925464
          ],
          [
            0.6722574784527994,
            0.9418160492718687
          ],
          [
            0.6477315667424407,
            0.9461030358060086
          ],
          [
            0.6222831728459237,
            0.9503635689556932
          ],
          [
            0.595922277219614,
            0.9545780009398642
          ],
          [
            0.568662237382185,
            0.9587261417860014
          ],
          [
            0.5405200307971243,
            0.9627873722046676
          ],
          [
            0.5115164754738991,
            0.9667407738528928
          ],
          [
            0.4816764218616736,
            0.9705652766072119
          ],
          [
            0.4510289094626729,
            0.9742398219674805
          ],
          [
            0.4196072816443151,
            0.9777435411690364
          ],
          [
            0.3874492524105758,
            0.9810559460100232
          ],
          [
            0.3545969194272236,
            0.9841571298238817
          ],
          [
            0.32109671839622955,
            0.9870279754691825
          ],
          [
            0.2869993149428426,
            0.98965036669805
          ],
          [
            0.2523594315009147,
            0.9920073988298342
          ],
          [
            0.2172356082282607,
            0.9940835843275073
          ],
          [
            0.1816898987079067,
            0.995865048677218
          ],
          [
            0.14578750303150792,
            0.9973397119286685
          ],
          [
            0.10959634274332652,
            0.9984974513809847
          ],
          [
            0.07318658396328319,
            0.9993302412025499
          ],
          [
            0.03663011671769372,
            0.9998322652511831
          ],
          [
            7.070501591499381e-17,
            1.0
          ]
        ]
      },
      "properties": {
        "type": "latitude",
        "value": 60.0
      }
    },
    {
      "type": "Feature",
      "geometry": {
        "type": "LineString",
        "coordinates": [
          [
            3.281431208448926e-17,
            1.0
          ],
          [
            0.01700233390535668,
            0.9999638644273315
          ],
          [
            0.0339838690324184,
            0.9998556266588677
          ],
          [
            0.05092386482196395,
            0.9996757924436795
          ],
          [
            0.06780169664736363,
            0.9994252010445478
          ],
          [
            0.08459691252481488,
            0.9991050198041331
          ],
          [
            0.1012892883380502,
            0.998716736626053
          ],
          [
            0.1178588811180331,
            0.9982621504571839
          ],
          [
            0.13428607994765537,
            0.9977433598792191
          ],
          [
            0.15055165409702506,
            0.9971627499371215
          ],
          [
            0.16663679803575474,
            0.9965229773492922
          ],
          [
            0.18252317301382456,
            0.9958269542587415
          ],
          [
            0.1981929449511368,
            0.9950778306961214
          ],
          [
            0.21362881842674808,
            0.9942789759340172
          ],
          [
            0.2288140666109667,
            0.9934339589173696
          ],
          [
            0.24373255703599725,
            0.9925465279573414
          ],
          [
            0.2583687731526461,
            0.9916205898754317
          ],
          [
            0.27270783167088025,
            0.9906601887813711
          ],
          [
            0.2867354957299391,
            0.989669484662494
          ],
          [
            0.3004381839885407,
            0.9886527319541564
          ],
          [
            0.31380297576691724,
            0.9876142582506375
          ],
          [
            0.32681761240948853,
            0.9865584433041665
          ],
          [
            0.33947049506961136,
            0.9854896984465633
          ],
          [
            0.3517506791458048,
            0.9844124465538397
          ],
          [
            0.36364786562205087,
            0.9833311026592882
          ],
          [
            0.3751523895832268,
            0.982250055305419
          ],
          [
            0.38625520619053966,
            0.9811736487098887
          ],
          [
            0.3969478744112072,
            0.9801061658055754
          ],
          [
            0.40722253880182613,
            0.9790518122004314
          ],
          [
            0.4170719096462105,
            0.9780147010889028
          ],
          [
            0.42648924174633923,
            0.9769988391337311
          ],
          [
            0.4354683121598059,
            0.9760081133249726
          ],
          [
            0.4440033971692339,
            0.9750462788122136
          ],
          [
            0.45208924875891116,
            0.9741169476962973
          ],
          [
            0.45972107086181535,
            0.9732235787584559
          ],
          [
            0.46689449562663177,
            0.9723694680975891
          ],
          [
            0.4736055599396738,
            0.9715577406405432
          ],
          [
            0.4798506824211386,
            0.9707913424855992
          ],
          [
            0.48562664109916465,
            0.9700730340359358
          ],
          [
            0.49093055194896645,
            0.9694053838775452
          ],
          [
            0.4957598484681438,
            0.9687907633548695
          ],
          [
            0.5001122624432605,
            0.9682313417972334
          ],
          [
            0.5039858060471424,
            0.9677290823498863
          ],
          [
            0.5073787553911343,
            0.9672857383650583
          ],
          [
            0.5102896356418848,
            0.9669028503107838
          ],
          [
            0.5127172077981251,
            0.9665817431582926
          ],
          [
            0.5146604572093871,
            0.9663235242123913
          ],
          [
            0.516118583905664,
            0.96612908135342
          ],
          [
            0.5170909947946011,
            0.9659990816639437
          ],
          [
            0.5175772977708744,
            0.9659339704182942
          ],
          [
            0.5175772977708744,
            0.9659339704182942
          ],
          [
            0.5170909947946011,
            0.9659990816639437
          ],
          [
            0.516118583905664,
            0.96612908135342
          ],
          [
            0.5146604572093871,
            0.9663235242123913
          ],
          [
            0.5127172077981251,
            0.9665817431582926
          ],
          [
            0.5102896356418848,
            0.9669028503107838
          ],
          [
            0.5073787553911343,
            0.9672857383650583
          ],
          [
            0.5039858060471425,
            0.9677290823498863
          ],
          [
            0.5001122624432605,
            0.9682313417972334
          ],
          [
            0.4957598484681438,
            0.9687907633548695
          ],
          [
            0.49093055194896645,
            0.9694053838775452
          ],
          [
            0.48562664109916465,
            0.9700730340359358
          ],
          [
            0.47985068242113865,
            0.9707913424855992
          ],
          [
            0.4736055599396738,
            0.9715577406405432
          ],
          [
            0.4668944956266318,
            0.9723694680975891
          ],
          [
            0.4597210708618154,
            0.9732235787584559
          ],
          [
            0.45208924875891116,
            0.9741169476962973
          ],
          [
            0.4440033971692339,
            0.9750462788122136
          ],
          [
            0.43546831215980597,
            0.9760081133249726
          ],
          [
            0.42648924174633923,
            0.9769988391337311
          ],
          [
            0.41707190964621055,
            0.9780147010889028
          ],
          [
            0.40722253880182613,
            0.9790518122004314
          ],
          [
            0.39694787441120727,
            0.9801061658055754
          ],
          [
            0.38625520619053966,
            0.9811736487098887
          ],
          [
            0.37515238958322683,
            0.982250055305419
          ],
          [
            0.363647865622051,
            0.9833311026592882
          ],
          [
            0.35175067914580477,
            0.9844124465538397
          ],
          [
            0.33947049506961136,
            0.9854896984465633
          ],
          [
            0.32681761240948853,
            0.9865584433041665
          ],
          [
            0.31380297576691735,
            0.9876142582506375
          ],
          [
            0.30043818398854083,
            0.9886527319541564
          ],
          [
            0.286735495729939,
            0.989669484662494
          ],
          [
            0.27270783167088025,
            0.9906601887813711
          ],
          [
            0.2583687731526461,
            0.9916205898754317
          ],
          [
            0.24373255703599725,
            0.9925465279573414
          ],
          [
            0.2288140666109668,
            0.9934339589173696
          ],
          [
            0.2136288184267482,
            0.9942789759340172
          ],
          [
            0.1981929449511368,
            0.9950778306961214
          ],
          [
            0.18252317301382456,
            0.9958269542587415
          ],
          [
            0.16663679803575474,
            0.9965229773492922
          ],
          [
            0.15055165409702514,
            0.9971627499371215
          ],
          [
            0.13428607994765548,
            0.9977433598792191
          ],
          [
            0.1178588811180331,
            0.9982621504571839
          ],
          [
            0.1012892883380502,
            0.998716736626053
          ],
          [
            0.08459691252481488,
            0.9991050198041331
          ],
          [
            0.06780169664736387,
            0.9994252010445478
          ],
          [
            0.050923864821964065,
            0.9996757924436795
          ],
          [
            0.03398386903241852,
            0.9998556266588676
          ],
          [
            0.01700233390535668,
            0.9999638644273315
          ],
          [
            3.281431208448926e-17,
            1.0
          ]
        ]
      },
      "properties": {
        "type": "latitude",
        "value": 75.0
      }
    },
    {
      "type": "Feature",
      "geometry": {
        "type": "LineString",
        "coordinates": [
          [
            7.498798913309288e-33,
            1.0
          ],
          [
            3.8855512201968564e-18,
            1.0
          ],
          [
            7.767190019679069e-18,
            1.0
          ],
          [
            1.1641007917207941e-17,
            1.0
          ],
          [
            1.5503104306530172e-17,
            1.0
          ],
          [
            1.934959038395766e-17,
            1.0
          ],
          [
            2.3176593064062996e-17,
            1.0
          ],
          [
            2.6980258879548488e-17,
            1.0
          ],
          [
            3.0756757861360915e-17,
            1.0
          ],
          [
            3.450228739514565e-17,
            1.0
          ],
          [
            3.821307605015719e-17,
            1.0
          ],
          [
            4.188538737676993e-17,
            1.0
          ],
          [
            4.5515523668766515e-17,
            1.0
          ],
          [
            4.909982968661441e-17,
            1.0
          ],
          [
            5.26346963379822e-17,
            1.0
          ],
          [
            5.611656431178984e-17,
            1.0
          ],
          [
            5.954192766213296e-17,
            1.0
          ],
          [
            6.290733733847338e-17,
            1.0
          ],
          [
            6.620940465854061e-17,
            1.0
          ],
          [
            6.94448047204476e-17,
            1.0
          ],
          [
            7.261027975058513e-17,
            1.0
          ],
          [
            7.570264238392371e-17,
            1.0
          ],
          [
            7.871877887341986e-17,
            1.0
          ],
          [
            8.165565222529564e-17,
            1.0
          ],
          [
            8.451030525703381e-17,
            1.0
          ],
          [
            8.727986357500997e-17,
            1.0
          ],
          [
            8.996153846876332e-17,
            1.0
          ],
          [
            9.25526297189917e-17,
            1.0
          ],
          [
            9.505052831644355e-17,
            1.0
          ],
          [
            9.745271908896901e-17,
            1.0
          ],
          [
            9.975678323408515e-17,
            1.0
          ],
          [
            1.0196040075450498e-16,
            1.0
          ],
          [
            1.0406135279417813e-16,
            1.0
          ],
          [
            1.0605752387249069e-16,
            1.0
          ],
          [
            1.0794690401437498e-16,
            1.0
          ],
          [
            1.0972759077418405e-16,
            1.0
          ],
          [
            1.113977911512931e-16,
            1.0
          ],
          [
            1.129558233954992e-16,
            1.0
          ],
          [
            1.144001187004012e-16,
            1.0
          ],
          [
            1.1572922278305468e-16,
            1.0
          ],
          [
            1.1694179734831181e-16,
            1.0
          ],
          [
            1.1803662143637086e-16,
            1.0
          ],
          [
            1.1901259265217946e-16,
            1.0
          ],
          [
            1.198687282754528e-16,
            1.0
          ],
          [
            1.2060416625018976e-16,
            1.0
          ],
          [
            1.2121816605269022e-16,
            1.0
          ],
          [
            1.2171010943719955e-16,
            1.0
          ],
          [
            1.220795010584298e-16,
            1.0
          ],
          [
            1.2232596897033042e-16,
            1.0
          ],
          [
            1.224492650006063e-16,
            1.0
          ],
          [
            1.224492650006063e-16,
            1.0
          ],
          [
            1.2232596897033042e-16,
            1.0
          ],
          [
            1.220795010584298e-16,
            1.0
          ],
          [
            1.2171010943719955e-16,
            1.0
          ],
          [
            1.2121816605269022e-16,
            1.0
          ],
          [
            1.2060416625018976e-16,
            1.0
          ],
          [
            1.198687282754528e-16,
            1.0
          ],
          [
            1.1901259265217946e-16,
            1.0
          ],
          [
            1.1803662143637086e-16,
            1.0
          ],
          [
            1.1694179734831181e-16,
            1.0
          ],
          [
            1.1572922278305468e-16,
            1.0
          ],
          [
            1.144001187004012e-16,
            1.0
          ],
          [
            1.1295582339549922e-16,
            1.0
          ],
          [
            1.113977911512931e-16,
            1.0
          ],
          [
            1.0972759077418406e-16,
            1.0
          ],
          [
            1.07946904014375e-16,
            1.0
          ],
          [
            1.0605752387249069e-16,
            1.0
          ],
          [
            1.0406135279417813e-16,
            1.0
          ],
          [
            1.01960400754505e-16,
            1.0
          ],
          [
            9.975678323408515e-17,
            1.0
          ],
          [
            9.745271908896902e-17,
            1.0
          ],
          [
            9.505052831644355e-17,
            1.0
          ],
          [
            9.255262971899171e-17,
            1.0
          ],
          [
            8.996153846876332e-17,
            1.0
          ],
          [
            8.727986357500998e-17,
            1.0
          ],
          [
            8.451030525703383e-17,
            1.0
          ],
          [
            8.165565222529563e-17,
            1.0
          ],
          [
            7.871877887341986e-17,
            1.0
          ],
          [
            7.570264238392371e-17,
            1.0
          ],
          [
            7.261027975058517e-17,
            1.0
          ],
          [
            6.944480472044764e-17,
            1.0
          ],
          [
            6.620940465854059e-17,
            1.0
          ],
          [
            6.290733733847338e-17,
            1.0
          ],
          [
            5.954192766213296e-17,
            1.0
          ],
          [
            5.611656431178984e-17,
            1.0
          ],
          [
            5.2634696337982227e-17,
            1.0
          ],
          [
            4.9099829686614435e-17,
            1.0
          ],
          [
            4.5515523668766515e-17,
            1.0
          ],
          [
            4.188538737676993e-17,
            1.0
          ],
          [
            3.821307605015719e-17,
            1.0
          ],
          [
            3.4502287395145676e-17,
            1.0
          ],
          [
            3.0756757861360945e-17,
            1.0
          ],
          [
            2.6980258879548488e-17,
            1.0
          ],
          [
            2.3176593064062996e-17,
            1.0
          ],
          [
            1.934959038395766e-17,
            1.0
          ],
          [
            1.5503104306530227e-17,
            1.0
          ],
          [
            1.1641007917207967e-17,
            1.0
          ],
          [
            7.767190019679097e-18,
            1.0
          ],
          [
            3.8855512201968564e-18,
            1.0
          ],
          [
            7.498798913309288e-33,
            1.0
          ]
        ]
      },
      "properties": {
        "type": "latitude",
        "value": 90.0
      }
    },
    {
      "type": "Feature",
      "geometry": {
        "type": "LineString",
        "coordinates": [
          [
            7.498798913309288e-33,
            -1.0
          ],
          [
            3.887508415919283e-18,
            -1.0
          ],
          [
            7.782859433692938e-18,
            -1.0
          ],
          [
            1.1693959069300915e-17,
            -1.0
          ],
          [
            1.5628841259702265e-17,
            -1.0
          ],
          [
            1.9595734587580084e-17,
            -1.0
          ],
          [
            2.360313241549177e-17,
            -1.0
          ],
          [
            2.765986772425488e-17,
            -1.0
          ],
          [
            3.1775194095504675e-17,
            -1.0
          ],
          [
            3.595887447218336e-17,
            -1.0
          ],
          [
            4.0221279582752985e-17,
            -1.0
          ],
          [
            4.457349823790172e-17,
            -1.0
          ],
          [
            4.902746211935189e-17,
            -1.0
          ],
          [
            5.3596088201440073e-17,
            -1.0
          ],
          [
            5.82934426070375e-17,
            -1.0
          ],
          [
            6.313493053940541e-17,
            -1.0
          ],
          [
            6.813751800314893e-17,
            -0.9999999999999999
          ],
          [
            7.331999240088441e-17,
            -1.0
          ],
          [
            7.87032708626107e-17,
            -1.0
          ],
          [
            8.431076746154092e-17,
            -1.0
          ],
          [
            9.016883347114632e-17,
            -1.0
          ],
          [
            9.63072887699719e-17,
            -1.0000000000000002
          ],
          [
            1.0276006774869807e-16,
            -1.0
          ],
          [
            1.0956601010664321e-16,
            -0.9999999999999999
          ],
          [
            1.1676983644199526e-16,
            -1.0
          ],
          [
            1.2442336155524708e-16,
            -1.0
          ],
          [
            1.3258701638685866e-16,
            -1.0
          ],
          [
            1.4133177471398775e-16,
            -1.0
          ],
          [
            1.507416164868945e-16,
            -1.0
          ],
          [
            1.6091671114041498e-16,
            -1.0
          ],
          [
            1.7197757942031834e-16,
            -1.0
          ],
          [
            1.8407060405587713e-16,
            -0.9999999999999998
          ],
          [
            1.9737542889535714e-16,
            -1.0000000000000002
          ],
          [
            2.1211504774498143e-16,
            -1.0000000000000002
          ],
          [
            2.285697976873405e-16,
            -0.9999999999999997
          ],
          [
            2.4709714186865956e-16,
            -1.0000000000000002
          ],
          [
            2.681602437675675e-16,
            -1.0
          ],
          [
            2.9237025623876826e-16,
            -0.9999999999999999
          ],
          [
            3.205506735175308e-16,
            -1.0000000000000002
          ],
          [
            3.538384548863279e-16,
            -0.9999999999999997
          ],
          [
            3.9384901497251935e-16,
            -1.0000000000000004
          ],
          [
            4.429576767857279e-16,
            -0.9999999999999993
          ],
          [
            5.04806286111775e-16,
            -1.0
          ],
          [
            5.852774687848453e-16,
            -1.0000000000000009
          ],
          [
            6.945317127457392e-16,
            -0.9999999999999982
          ],
          [
            8.517605579533201e-16,
            -0.9999999999999977
          ],
          [
            1.0980881099286874e-15,
            -0.9999999999999967
          ],
          [
            1.5404361831898377e-15,
            -1.0000000000000062
          ],
          [
            2.570850014183155e-15,
            -0.9999999999999954
          ],
          [
            7.717732516948117e-15,
            -1.0000000000001088
          ],
          [
            7.717732516948117e-15,
            1.0000000000001088
          ],
          [
            2.570850014183155e-15,
            0.9999999999999902
          ],
          [
            1.5404361831898377e-15,
            1.0000000000000062
          ],
          [
            1.0980881099286874e-15,
            0.9999999999999967
          ],
          [
            8.517605579533254e-16,
            1.0000000000000022
          ],
          [
            6.945317127457392e-16,
            0.9999999999999982
          ],
          [
            5.852774687848453e-16,
            0.9999999999999996
          ],
          [
            5.048062861117759e-16,
            1.0000000000000007
          ],
          [
            4.429576767857279e-16,
            0.9999999999999993
          ],
          [
            3.9384901497251935e-16,
            0.9999999999999994
          ],
          [
            3.538384548863279e-16,
            0.9999999999999997
          ],
          [
            3.205506735175308e-16,
            1.0000000000000002
          ],
          [
            2.9237025623876865e-16,
            1.0000000000000004
          ],
          [
            2.681602437675675e-16,
            1.0
          ],
          [
            2.470971418686597e-16,
            1.0000000000000004
          ],
          [
            2.2856979768734063e-16,
            0.9999999999999998
          ],
          [
            2.1211504774498143e-16,
            1.0000000000000002
          ],
          [
            1.9737542889535714e-16,
            1.0
          ],
          [
            1.8407060405587726e-16,
            1.0
          ],
          [
            1.7197757942031834e-16,
            1.0
          ],
          [
            1.6091671114041503e-16,
            1.0
          ],
          [
            1.507416164868945e-16,
            1.0
          ],
          [
            1.4133177471398778e-16,
            1.0
          ],
          [
            1.3258701638685866e-16,
            0.9999999999999999
          ],
          [
            1.2442336155524716e-16,
            1.0000000000000002
          ],
          [
            1.1676983644199534e-16,
            1.0000000000000002
          ],
          [
            1.095660101066432e-16,
            1.0
          ],
          [
            1.0276006774869807e-16,
            1.0
          ],
          [
            9.63072887699719e-17,
            1.0
          ],
          [
            9.016883347114637e-17,
            1.0
          ],
          [
            8.431076746154098e-17,
            1.0
          ],
          [
            7.870327086261067e-17,
            1.0000000000000002
          ],
          [
            7.331999240088441e-17,
            1.0
          ],
          [
            6.813751800314893e-17,
            0.9999999999999999
          ],
          [
            6.313493053940541e-17,
            1.0
          ],
          [
            5.829344260703753e-17,
            1.0
          ],
          [
            5.3596088201440104e-17,
            1.0
          ],
          [
            4.902746211935189e-17,
            1.0
          ],
          [
            4.457349823790172e-17,
            1.0
          ],
          [
            4.0221279582752985e-17,
            1.0
          ],
          [
            3.595887447218338e-17,
            1.0
          ],
          [
            3.1775194095504706e-17,
            1.0
          ],
          [
            2.765986772425488e-17,
            1.0
          ],
          [
            2.360313241549177e-17,
            1.0
          ],
          [
            1.9595734587580084e-17,
            1.0
          ],
          [
            1.5628841259702323e-17,
            1.0
          ],
          [
            1.1693959069300942e-17,
            1.0
          ],
          [
            7.782859433692968e-18,
            1.0
          ],
          [
            3.887508415919283e-18,
            1.0
          ],
          [
            7.498798913309288e-33,
            1.0
          ]
        ]
      },
      "properties": {
        "type": "longitude",
        "value": -180.0
      }
    },
    {
      "type": "Feature",
      "geometry": {
        "type": "LineString",
        "coordinates": [
          [
            1.5984848350717848e-17,
            -1.0
          ],
          [
            0.008286753625438036,
            -0.9999914161774528
          ],
          [
            0.01658979647085507,
            -0.9999655967398398
          ],
          [
            0.024925544369045267,
            -0.9999223366389395
          ],
          [
            0.033310668444162764,
            -0.9998612903007851
          ],
          [
            0.041762227978817984,
            -0.9997819657698178
          ],
          [
            0.05029780970911302,
            -0.9996837162746107
          ],
          [
            0.05893567596793133,
            -0.9995657289666101
          ],
          [
            0.06769492434977714,
            -0.9994270104936726
          ],
          [
            0.0765956619064549,
            -0.9992663689648912
          ],
          [
            0.08565919731675606,
            -0.9990823917369189
          ],
          [
            0.0949082550248046,
            -0.9988734182978525
          ],
          [
            0.10436721603664639,
            -0.9986375073339625
          ],
          [
            0.11406239093667644,
            -0.9983723968256796
          ],
          [
            0.12402233177835348,
            -0.9980754557171844
          ],
          [
            0.1342781908742861,
            -0.9977436253185897
          ],
          [
            0.14486413623352118,
            -0.9973733481040733
          ],
          [
            0.1558178355661019,
            -0.9969604809268388
          ],
          [
            0.16718102352482483,
            -0.996500188832545
          ],
          [
            0.17900017035111135,
            -0.9959868145480483
          ],
          [
            0.1913272745614135,
            -0.9954137172564105
          ],
          [
            0.20422080805402737,
            -0.9947730723081722
          ],
          [
            0.21774684943905773,
            -0.9940556208733197
          ],
          [
            0.23198045104512532,
            -0.9932503549373766
          ],
          [
            0.24700729768163515,
            -0.9923441180976507
          ],
          [
            0.2629257318561738,
            -0.9913210957515097
          ],
          [
            0.27984924216675666,
            -0.9901621586460844
          ],
          [
            0.29790954094623107,
            -0.9888440101215669
          ],
          [
            0.31726039661398026,
            -0.987338067829396
          ],
          [
            0.3380824393042773,
            -0.985608982334535
          ],
          [
            0.3605892303241895,
            -0.9836126533059404
          ],
          [
            0.38503498387642776,
            -0.981293541860854
          ],
          [
            0.411724462713782,
            -0.9785809837212054
          ],
          [
            0.4410257502038867,
            -0.9753840637996269
          ],
          [
            0.4733868442894568,
            -0.9715843884673203
          ],
          [
            0.5093573382575111,
            -0.9670257367261769
          ],
          [
            0.549616853699912,
            -0.9614990007962841
          ],
          [
            0.5950123416268683,
            -0.9547198952194971
          ],
          [
            0.6466067336668793,
            -0.946295373017412
          ],
          [
            0.7057412938368127,
            -0.9356721148689779
          ],
          [
            0.7741122625543566,
            -0.922056154060448
          ],
          [
            0.8538560573378408,
            -0.9042856066182123
          ],
          [
            0.9476189736376076,
            -0.880627373070189
          ],
          [
            1.0585388902708595,
            -0.8484538021872694
          ],
          [
            1.1899465227071404,
            -0.8037454934705969
          ],
          [
            1.3443226541047613,
            -0.740404720686721
          ],
          [
            1.5205503255114527,
            -0.6496011675611071
          ],
          [
            1.7081106445714527,
            -0.5201821858497493
          ],
          [
            1.8787913609418814,
            -0.34283488082827407
          ],
          [
            1.9853827600652234,
            -0.12068066957451816
          ],
          [
            1.9853827600652234,
            0.12068066957451816
          ],
          [
            1.8787913609418814,
            0.3428348808282723
          ],
          [
            1.7081106445714527,
            0.5201821858497493
          ],
          [
            1.5205503255114527,
            0.6496011675611071
          ],
          [
            1.3443226541047641,
            0.7404047206867214
          ],
          [
            1.1899465227071404,
            0.8037454934705969
          ],
          [
            1.0585388902708595,
            0.8484538021872684
          ],
          [
            0.9476189736376086,
            0.8806273730701888
          ],
          [
            0.8538560573378408,
            0.9042856066182123
          ],
          [
            0.7741122625543566,
            0.9220561540604472
          ],
          [
            0.7057412938368127,
            0.9356721148689779
          ],
          [
            0.6466067336668793,
            0.946295373017412
          ],
          [
            0.595012341626869,
            0.9547198952194974
          ],
          [
            0.549616853699912,
            0.9614990007962841
          ],
          [
            0.5093573382575114,
            0.967025736726177
          ],
          [
            0.4733868442894571,
            0.9715843884673204
          ],
          [
            0.4410257502038867,
            0.9753840637996269
          ],
          [
            0.411724462713782,
            0.9785809837212052
          ],
          [
            0.38503498387642787,
            0.981293541860854
          ],
          [
            0.3605892303241895,
            0.9836126533059404
          ],
          [
            0.33808243930427734,
            0.9856089823345348
          ],
          [
            0.31726039661398026,
            0.987338067829396
          ],
          [
            0.2979095409462312,
            0.9888440101215669
          ],
          [
            0.27984924216675666,
            0.9901621586460841
          ],
          [
            0.26292573185617385,
            0.9913210957515097
          ],
          [
            0.24700729768163532,
            0.9923441180976507
          ],
          [
            0.23198045104512527,
            0.9932503549373768
          ],
          [
            0.21774684943905773,
            0.9940556208733197
          ],
          [
            0.20422080805402737,
            0.9947730723081721
          ],
          [
            0.19132727456141366,
            0.9954137172564107
          ],
          [
            0.17900017035111143,
            0.9959868145480482
          ],
          [
            0.16718102352482472,
            0.9965001888325451
          ],
          [
            0.1558178355661019,
            0.9969604809268388
          ],
          [
            0.14486413623352118,
            0.9973733481040733
          ],
          [
            0.1342781908742861,
            0.9977436253185897
          ],
          [
            0.12402233177835352,
            0.9980754557171843
          ],
          [
            0.11406239093667651,
            0.9983723968256796
          ],
          [
            0.10436721603664639,
            0.9986375073339625
          ],
          [
            0.0949082550248046,
            0.9988734182978525
          ],
          [
            0.08565919731675606,
            0.9990823917369189
          ],
          [
            0.07659566190645495,
            0.9992663689648912
          ],
          [
            0.06769492434977721,
            0.9994270104936727
          ],
          [
            0.05893567596793133,
            0.9995657289666101
          ],
          [
            0.05029780970911302,
            0.9996837162746107
          ],
          [
            0.041762227978817984,
            0.9997819657698178
          ],
          [
            0.033310668444162875,
            0.999861290300785
          ],
          [
            0.02492554436904533,
            0.9999223366389396
          ],
          [
            0.016589796470855126,
            0.9999655967398396
          ],
          [
            0.008286753625438036,
            0.9999914161774528
          ],
          [
            1.5984848350717848e-17,
            1.0
          ]
        ]
      },
      "properties": {
        "type": "longitude",
        "value": -165.0
      }
    },
    {
      "type": "Feature",
      "geometry": {
        "type": "LineString",
        "coordinates": [
          [
            3.169619151431765e-17,
            -1.0
          ],
          [
            0.016431305087454506,
            -0.9999662509571414
          ],
          [
            0.032892419446620795,
            -0.9998647519468505
          ],
          [
            0.04941335618536016,
            -0.999694743438028
          ],
          [
            0.06602453882220724,
            -0.9994549464925014
          ],
          [
            0.08275701339382732,
            -0.9991435428323266
          ],
          [
            0.09964266900375536,
            -0.9987581462138129
          ],
          [
            0.11671446989499676,
            -0.9982957643550745
          ],
          [
            0.134006702368056,
            -0.9977527503996718
          ],
          [
            0.1515552401755683,
            -0.9971247425943414
          ],
          [
            0.1693978324123482,
            -0.9964065905008355
          ],
          [
            0.18757441839437977,
            -0.9955922656343823
          ],
          [
            0.20612747459268324,
            -0.9946747539042654
          ],
          [
            0.2251023993701155,
            -0.993645926600343
          ],
          [
            0.2445479420741355,
            -0.9924963858910654
          ],
          [
            0.26451668397981537,
            -0.9912152798328328
          ],
          [
            0.2850655796673859,
            -0.9897900806849017
          ],
          [
            0.3062565686665986,
            -0.9882063188105712
          ],
          [
            0.32815726860828853,
            -0.9864472625360601
          ],
          [
            0.3508417626805171,
            -0.9844935319187258
          ],
          [
            0.3743914958578336,
            -0.9823226312965274
          ],
          [
            0.3988962960829698,
            -0.9799083815555524
          ],
          [
            0.42445553819043885,
            -0.9772202280063929
          ],
          [
            0.451179469624008,
            -0.9742223932693446
          ],
          [
            0.47919071749600406,
            -0.970872836197623
          ],
          [
            0.5086259955727933,
            -0.9671219670532235
          ],
          [
            0.539638026218545,
            -0.9629110551679936
          ],
          [
            0.5723976843694688,
            -0.9581702472588666
          ],
          [
            0.607096355335005,
            -0.9528160912971289
          ],
          [
            0.643948471009654,
            -0.9467484310370323
          ],
          [
            0.6831941426251983,
            -0.9398464985680669
          ],
          [
            0.7251017309993223,
            -0.9319639853156593
          ],
          [
            0.7699700694350036,
            -0.922922815322909
          ],
          [
            0.8181298523444653,
            -0.9125052800810008
          ],
          [
            0.8699433822873934,
            -0.9004441281409925
          ],
          [
            0.9258013671429906,
            -0.8864101517633038
          ],
          [
            0.9861146890694287,
            -0.8699968132127699
          ],
          [
            1.0512979111100085,
            -0.8507015784186212
          ],
          [
            1.1217396145596488,
            -0.8279040157420989
          ],
          [
            1.1977523806632349,
            -0.8008416252005692
          ],
          [
            1.2794924511057841,
            -0.7685862130501878
          ],
          [
            1.3668364879669326,
            -0.7300270568893699
          ],
          [
            1.459202341046112,
            -0.6838728916775308
          ],
          [
            1.5553066579026054,
            -0.6286933274426875
          ],
          [
            1.652872346362135,
            -0.5630304180573474
          ],
          [
            1.7483434133664844,
            -0.48561695525847043
          ],
          [
            1.836737327564001,
            -0.3957259119431831
          ],
          [
            1.9118414720788959,
            -0.29362483956539026
          ],
          [
            1.9669623033001808,
            -0.1810105641917382
          ],
          [
            1.9962517583681076,
            -0.061194193376993306
          ],
          [
            1.9962517583681076,
            0.061194193376993306
          ],
          [
            1.9669623033001808,
            0.18101056419173722
          ],
          [
            1.9118414720788959,
            0.29362483956539026
          ],
          [
            1.836737327564001,
            0.3957259119431831
          ],
          [
            1.7483434133664866,
            0.4856169552584702
          ],
          [
            1.652872346362135,
            0.5630304180573474
          ],
          [
            1.5553066579026054,
            0.6286933274426867
          ],
          [
            1.4592023410461121,
            0.6838728916775301
          ],
          [
            1.3668364879669326,
            0.7300270568893699
          ],
          [
            1.2794924511057841,
            0.768586213050187
          ],
          [
            1.1977523806632349,
            0.8008416252005692
          ],
          [
            1.1217396145596488,
            0.8279040157420989
          ],
          [
            1.0512979111100091,
            0.850701578418621
          ],
          [
            0.9861146890694287,
            0.8699968132127699
          ],
          [
            0.9258013671429909,
            0.8864101517633037
          ],
          [
            0.8699433822873938,
            0.9004441281409924
          ],
          [
            0.8181298523444653,
            0.9125052800810008
          ],
          [
            0.7699700694350036,
            0.9229228153229088
          ],
          [
            0.7251017309993226,
            0.9319639853156594
          ],
          [
            0.6831941426251983,
            0.9398464985680669
          ],
          [
            0.6439484710096541,
            0.9467484310370321
          ],
          [
            0.607096355335005,
            0.9528160912971289
          ],
          [
            0.572397684369469,
            0.9581702472588666
          ],
          [
            0.539638026218545,
            0.9629110551679935
          ],
          [
            0.5086259955727934,
            0.9671219670532235
          ],
          [
            0.4791907174960043,
            0.9708728361976229
          ],
          [
            0.45117946962400796,
            0.9742223932693447
          ],
          [
            0.42445553819043885,
            0.9772202280063929
          ],
          [
            0.3988962960829698,
            0.9799083815555522
          ],
          [
            0.3743914958578338,
            0.9823226312965275
          ],
          [
            0.35084176268051726,
            0.9844935319187257
          ],
          [
            0.32815726860828837,
            0.9864472625360603
          ],
          [
            0.3062565686665986,
            0.9882063188105712
          ],
          [
            0.2850655796673859,
            0.9897900806849017
          ],
          [
            0.26451668397981537,
            0.9912152798328328
          ],
          [
            0.24454794207413558,
            0.9924963858910653
          ],
          [
            0.2251023993701156,
            0.993645926600343
          ],
          [
            0.20612747459268324,
            0.9946747539042654
          ],
          [
            0.18757441839437977,
            0.9955922656343823
          ],
          [
            0.1693978324123482,
            0.9964065905008355
          ],
          [
            0.15155524017556837,
            0.9971247425943414
          ],
          [
            0.13400670236805612,
            0.9977527503996718
          ],
          [
            0.11671446989499676,
            0.9982957643550745
          ],
          [
            0.09964266900375536,
            0.9987581462138129
          ],
          [
            0.08275701339382732,
            0.9991435428323266
          ],
          [
            0.06602453882220746,
            0.9994549464925013
          ],
          [
            0.049413356185360274,
            0.999694743438028
          ],
          [
            0.03289241944662091,
            0.9998647519468504
          ],
          [
            0.016431305087454506,
            0.9999662509571414
          ],
          [
            3.169619151431765e-17,
            1.0
          ]
        ]
      },
      "properties": {
        "type": "longitude",
        "value": -150.0
      }
    },
    {
      "type": "Feature",
      "geometry": {
        "type": "LineString",
        "coordinates": [
          [
            4.686520405326299e-17,
            -1.0
          ],
          [
            0.024293948389538158,
            -0.9999262227874172
          ],
          [
            0.04862611716341813,
            -0.999704393899718
          ],
          [
            0.07303492865647544,
            -0.9993330149649994
          ],
          [
            0.09755921069076703,
            -0.9988095664851978
          ],
          [
            0.12223840328314553,
            -0.9981304740316752
          ],
          [
            0.14711277010341547,
            -0.9972910599309135
          ],
          [
            0.1722236162512145,
            -0.9962854794190963
          ],
          [
            0.1976135138958556,
            -0.9951066399042029
          ],
          [
            0.22332653727893037,
            -0.9937461015957499
          ],
          [
            0.24940850850277477,
            -0.9921939573347569
          ],
          [
            0.27590725540271904,
            -0.990438688967689
          ],
          [
            0.3028728826051082,
            -0.98846699704422
          ],
          [
            0.3303580565759584,
            -0.9862635999639442
          ],
          [
            0.35841830502556965,
            -0.9838109979338763
          ],
          [
            0.3871123303964896,
            -0.9810891962068229
          ],
          [
            0.4165023362503549,
            -0.9780753810287318
          ],
          [
            0.44665436408137305,
            -0.9747435405078435
          ],
          [
            0.4776386362832753,
            -0.971064021206822
          ],
          [
            0.5095298984980797,
            -0.9670030096303395
          ],
          [
            0.5424077511319618,
            -0.9625219259206472
          ],
          [
            0.5763569551061857,
            -0.9575767149817197
          ],
          [
            0.6114676904813158,
            -0.9521170179522901
          ],
          [
            0.6478357378723247,
            -0.9460852045053105
          ],
          [
            0.6855625408033076,
            -0.939415244001197
          ],
          [
            0.7247550913531556,
            -0.9320313913111619
          ],
          [
            0.7655255603697811,
            -0.923846661576007
          ],
          [
            0.8079905656284839,
            -0.9147610679646575
          ],
          [
            0.8522699347169365,
            -0.9046595987410943
          ],
          [
            0.8984847720316526,
            -0.8934099163356132
          ],
          [
            0.946754578902201,
            -0.8808597742160378
          ],
          [
            0.9971931007530341,
            -0.8668341709650333
          ],
          [
            1.0499024849043388,
            -0.8511323005549278
          ],
          [
            1.1049652295936156,
            -0.8335244209663458
          ],
          [
            1.1624332973489488,
            -0.8137488600935869
          ],
          [
            1.2223136725921346,
            -0.7915095207567512
          ],
          [
            1.28454960008505,
            -0.766474449169921
          ],
          [
            1.3489968096752545,
            -0.7382763045577828
          ],
          [
            1.415394312475841,
            -0.7065159128093013
          ],
          [
            1.4833299864843108,
            -0.6707704807153589
          ],
          [
            1.5522023351519927,
            -0.6306084186618315
          ],
          [
            1.6211816778663746,
            -0.585612919800777
          ],
          [
            1.68917669216488,
            -0.5354162172195841
          ],
          [
            1.7548154622573011,
            -0.47974542557034816
          ],
          [
            1.8164532408687368,
            -0.41847868038212555
          ],
          [
            1.8722204841429524,
            -0.35170671686631544
          ],
          [
            1.9201221927933374,
            -0.2797904415551499
          ],
          [
            1.9581911368088114,
            -0.20340075695742552
          ],
          [
            1.984682870584921,
            -0.1235252031032493
          ],
          [
            1.9982828693056134,
            -0.04142938039521171
          ],
          [
            1.9982828693056134,
            0.04142938039521171
          ],
          [
            1.984682870584921,
            0.12352520310324865
          ],
          [
            1.9581911368088114,
            0.20340075695742552
          ],
          [
            1.9201221927933374,
            0.2797904415551499
          ],
          [
            1.8722204841429533,
            0.35170671686631494
          ],
          [
            1.8164532408687368,
            0.41847868038212555
          ],
          [
            1.7548154622573011,
            0.4797454255703476
          ],
          [
            1.6891766921648812,
            0.5354162172195838
          ],
          [
            1.6211816778663746,
            0.585612919800777
          ],
          [
            1.5522023351519927,
            0.6306084186618309
          ],
          [
            1.4833299864843108,
            0.6707704807153589
          ],
          [
            1.415394312475841,
            0.7065159128093013
          ],
          [
            1.3489968096752551,
            0.7382763045577827
          ],
          [
            1.28454960008505,
            0.766474449169921
          ],
          [
            1.2223136725921353,
            0.7915095207567512
          ],
          [
            1.1624332973489493,
            0.8137488600935868
          ],
          [
            1.1049652295936156,
            0.8335244209663458
          ],
          [
            1.0499024849043388,
            0.8511323005549276
          ],
          [
            0.9971931007530347,
            0.8668341709650336
          ],
          [
            0.946754578902201,
            0.8808597742160378
          ],
          [
            0.8984847720316529,
            0.8934099163356133
          ],
          [
            0.8522699347169365,
            0.9046595987410943
          ],
          [
            0.807990565628484,
            0.9147610679646575
          ],
          [
            0.7655255603697811,
            0.9238466615760069
          ],
          [
            0.7247550913531559,
            0.9320313913111617
          ],
          [
            0.685562540803308,
            0.939415244001197
          ],
          [
            0.6478357378723245,
            0.9460852045053105
          ],
          [
            0.6114676904813158,
            0.9521170179522901
          ],
          [
            0.5763569551061857,
            0.9575767149817196
          ],
          [
            0.5424077511319622,
            0.9625219259206472
          ],
          [
            0.50952989849808,
            0.9670030096303392
          ],
          [
            0.4776386362832751,
            0.9710640212068221
          ],
          [
            0.44665436408137305,
            0.9747435405078435
          ],
          [
            0.4165023362503549,
            0.9780753810287318
          ],
          [
            0.3871123303964896,
            0.9810891962068229
          ],
          [
            0.35841830502556987,
            0.9838109979338763
          ],
          [
            0.3303580565759586,
            0.9862635999639442
          ],
          [
            0.3028728826051082,
            0.98846699704422
          ],
          [
            0.27590725540271904,
            0.990438688967689
          ],
          [
            0.24940850850277477,
            0.9921939573347569
          ],
          [
            0.22332653727893048,
            0.9937461015957499
          ],
          [
            0.19761351389585582,
            0.995106639904203
          ],
          [
            0.1722236162512145,
            0.9962854794190963
          ],
          [
            0.14711277010341547,
            0.9972910599309135
          ],
          [
            0.12223840328314553,
            0.9981304740316752
          ],
          [
            0.09755921069076738,
            0.9988095664851977
          ],
          [
            0.07303492865647562,
            0.9993330149649994
          ],
          [
            0.048626117163418296,
            0.9997043938997179
          ],
          [
            0.024293948389538158,
            0.9999262227874172
          ],
          [
            4.686520405326299e-17,
            1.0
          ]
        ]
      },
      "properties": {
        "type": "longitude",
        "value": -135.0
      }
    },
    {
      "type": "Feature",
      "geometry": {
        "type": "LineString",
        "coordinates": [
          [
            6.123233995736767e-17,
            -1.0
          ],
          [
            0.03173991752097904,
            -0.9998740642745666
          ],
          [
            0.06351980992758549,
            -0.9994955269718274
          ],
          [
            0.09537977459368162,
            -0.9988621900190309
          ],
          [
            0.12736015327008146,
            -0.997970364209156
          ],
          [
            0.15950165271368166,
            -0.9968148301943551
          ],
          [
            0.19184546327289226,
            -0.9953887831171307
          ],
          [
            0.22443337445166145,
            -0.9936837601108615
          ],
          [
            0.2573078862018462,
            -0.9916895496699482
          ],
          [
            0.2905123143291233,
            -0.9893940816508779
          ],
          [
            0.3240908879236522,
            -0.9867832964188311
          ],
          [
            0.35808883612100256,
            -0.9838409914012408
          ],
          [
            0.39255246073343375,
            -0.9805486430529756
          ],
          [
            0.4275291903316279,
            -0.9768852019831172
          ],
          [
            0.4630676101599645,
            -0.9728268587498933
          ],
          [
            0.49921746078284474,
            -0.9683467776124328
          ],
          [
            0.5360295965239585,
            -0.9634147953569068
          ],
          [
            0.5735558925023715,
            -0.9579970822210013
          ],
          [
            0.6118490863052285,
            -0.9520557619682075
          ],
          [
            0.6509625369725838,
            -0.9455484883730472
          ],
          [
            0.6909498799030144,
            -0.9384279758540356
          ],
          [
            0.7318645514141139,
            -0.9306414828471031
          ],
          [
            0.7737591509116681,
            -0.9221302479016257
          ],
          [
            0.8166846018613768,
            -0.9128288806072204
          ],
          [
            0.8606890649950143,
            -0.9026647125868509
          ],
          [
            0.9058165484909331,
            -0.8915571182599539
          ],
          [
            0.9521051504770585,
            -0.8794168213132862
          ],
          [
            0.9995848595947714,
            -0.8661452113342342
          ],
          [
            1.0482748303980058,
            -0.8516337064657011
          ],
          [
            1.0981800434651257,
            -0.8357632128980875
          ],
          [
            1.1492872574766695,
            -0.8184037511830201
          ],
          [
            1.2015601654168537,
            -0.799414343266904
          ],
          [
            1.2549336840845429,
            -0.7786432829848976
          ],
          [
            1.3093073414159546,
            -0.7559289460184543
          ],
          [
            1.364537787522994,
            -0.7311013312841544
          ],
          [
            1.4204305519292078,
            -0.7039845607586303
          ],
          [
            1.476731310566625,
            -0.6744005924508404
          ],
          [
            1.5331171190217858,
            -0.6421744115429896
          ],
          [
            1.5891883147916654,
            -0.6071409433009827
          ],
          [
            1.6444620808296764,
            -0.5691538598466431
          ],
          [
            1.6983689663460237,
            -0.5280963108545496
          ],
          [
            1.7502539231407876,
            -0.4838933778556703
          ],
          [
            1.7993835505454023,
            -0.43652572605363704
          ],
          [
            1.8449611372364692,
            -0.38604352153841315
          ],
          [
            1.8861506257886957,
            -0.3325792450067024
          ],
          [
            1.9221097217418441,
            -0.27635765666319534
          ],
          [
            1.9520310287625051,
            -0.21770097768981003
          ],
          [
            1.975188465173971,
            -0.15702748727825708
          ],
          [
            1.9909846213711169,
            -0.09484228680250123
          ],
          [
            1.9989935913866952,
            -0.031719952691183835
          ],
          [
            1.9989935913866952,
            0.031719952691183835
          ],
          [
            1.9909846213711169,
            0.09484228680250073
          ],
          [
            1.975188465173971,
            0.15702748727825708
          ],
          [
            1.9520310287625051,
            0.21770097768981003
          ],
          [
            1.9221097217418452,
            0.27635765666319495
          ],
          [
            1.8861506257886957,
            0.3325792450067024
          ],
          [
            1.8449611372364692,
            0.38604352153841265
          ],
          [
            1.7993835505454034,
            0.43652572605363676
          ],
          [
            1.7502539231407876,
            0.4838933778556703
          ],
          [
            1.6983689663460237,
            0.528096310854549
          ],
          [
            1.6444620808296764,
            0.5691538598466431
          ],
          [
            1.5891883147916654,
            0.6071409433009827
          ],
          [
            1.5331171190217863,
            0.6421744115429894
          ],
          [
            1.476731310566625,
            0.6744005924508404
          ],
          [
            1.4204305519292082,
            0.7039845607586301
          ],
          [
            1.3645377875229947,
            0.7311013312841544
          ],
          [
            1.3093073414159546,
            0.7559289460184543
          ],
          [
            1.2549336840845429,
            0.7786432829848975
          ],
          [
            1.2015601654168542,
            0.7994143432669041
          ],
          [
            1.1492872574766695,
            0.8184037511830201
          ],
          [
            1.0981800434651259,
            0.8357632128980874
          ],
          [
            1.0482748303980058,
            0.8516337064657011
          ],
          [
            0.9995848595947718,
            0.8661452113342343
          ],
          [
            0.9521051504770585,
            0.8794168213132861
          ],
          [
            0.9058165484909334,
            0.8915571182599539
          ],
          [
            0.8606890649950149,
            0.9026647125868509
          ],
          [
            0.8166846018613766,
            0.9128288806072206
          ],
          [
            0.7737591509116681,
            0.9221302479016257
          ],
          [
            0.7318645514141139,
            0.9306414828471029
          ],
          [
            0.6909498799030148,
            0.9384279758540356
          ],
          [
            0.650962536972584,
            0.945548488373047
          ],
          [
            0.6118490863052283,
            0.9520557619682076
          ],
          [
            0.5735558925023715,
            0.9579970822210013
          ],
          [
            0.5360295965239585,
            0.9634147953569068
          ],
          [
            0.49921746078284474,
            0.9683467776124328
          ],
          [
            0.4630676101599648,
            0.9728268587498933
          ],
          [
            0.4275291903316281,
            0.9768852019831171
          ],
          [
            0.39255246073343375,
            0.9805486430529756
          ],
          [
            0.35808883612100256,
            0.9838409914012408
          ],
          [
            0.3240908879236522,
            0.9867832964188311
          ],
          [
            0.29051231432912344,
            0.9893940816508779
          ],
          [
            0.2573078862018464,
            0.9916895496699482
          ],
          [
            0.22443337445166145,
            0.9936837601108615
          ],
          [
            0.19184546327289226,
            0.9953887831171307
          ],
          [
            0.15950165271368166,
            0.9968148301943551
          ],
          [
            0.1273601532700819,
            0.9979703642091559
          ],
          [
            0.09537977459368184,
            0.9988621900190309
          ],
          [
            0.06351980992758571,
            0.9994955269718273
          ],
          [
            0.03173991752097904,
            0.9998740642745666
          ],
          [
            6.123233995736767e-17,
            1.0
          ]
        ]
      },
      "properties": {
        "type": "longitude",
        "value": -120.0
      }
    },
    {
      "type": "Feature",
      "geometry": {
        "type": "LineString",
        "coordinates": [
          [
            7.455177354798984e-17,
            -1.0
          ],
          [
            0.03864172795899471,
            -0.999813334685573
          ],
          [
            0.07731801310188194,
            -0.9992524611991178
          ],
          [
            0.11606340965023806,
            -0.9983147405678683
          ],
          [
            0.15491246348910778,
            -0.9969957533329488
          ],
          [
            0.19389970189907282,
            -0.9952892677010351
          ],
          [
            0.233059615771609,
            -0.993187194779563
          ],
          [
            0.2724266314695798,
            -0.9906795307346036
          ],
          [
            0.3120350692015893,
            -0.9877542856890522
          ],
          [
            0.3519190844027558,
            -0.9843973991779343
          ],
          [
            0.3921125881491329,
            -0.9805926420046946
          ],
          [
            0.4326491420717764,
            -0.9763215044062785
          ],
          [
            0.47356182257244317,
            -0.9715630705468722
          ],
          [
            0.5148830483696103,
            -0.9662938795342773
          ],
          [
            0.5566443645160857,
            -0.9604877734063672
          ],
          [
            0.5988761750259023,
            -0.9541157328891429
          ],
          [
            0.6416074151314489,
            -0.9471457022085277
          ],
          [
            0.6848651529726156,
            -0.9395424048764105
          ],
          [
            0.7286741092202728,
            -0.931267153204713
          ],
          [
            0.7730560817953275,
            -0.9222776553727268
          ],
          [
            0.818029261523514,
            -0.9125278252320986
          ],
          [
            0.8636074233577792,
            -0.9019676017354141
          ],
          [
            0.9097989768389321,
            -0.890542786976408
          ],
          [
            0.956605858939224,
            -0.8781949143901867
          ],
          [
            1.0040222525986473,
            -0.8648611617315722
          ],
          [
            1.0520331154590203,
            -0.8504743270636669
          ],
          [
            1.1006125059629708,
            -0.8349628901510999
          ],
          [
            1.149721698659209,
            -0.8182511863163083
          ],
          [
            1.199307087899409,
            -0.800259724857224
          ],
          [
            1.2492978898829186,
            -0.7809056893015456
          ],
          [
            1.299603668023769,
            -0.7601036616901612
          ],
          [
            1.3501117266883742,
            -0.7377666171389392
          ],
          [
            1.400684444150086,
            -0.7138072372699727
          ],
          [
            1.4511566474591957,
            -0.6881395905873655
          ],
          [
            1.5013331695497083,
            -0.6606812230587882
          ],
          [
            1.550986771039895,
            -0.6313556913617
          ],
          [
            1.5998566531864822,
            -0.6000955526528564
          ],
          [
            1.647647829877165,
            -0.5668457966460255
          ],
          [
            1.694031658851991,
            -0.5315676670959149
          ],
          [
            1.7386478468862547,
            -0.4942427704372091
          ],
          [
            1.7811082301923216,
            -0.4548773110249558
          ],
          [
            1.8210025791666338,
            -0.4135062292966295
          ],
          [
            1.8579065768881033,
            -0.37019695823842547
          ],
          [
            1.8913919691284828,
            -0.32505246465620047
          ],
          [
            1.9210386836043292,
            -0.2782132168390576
          ],
          [
            1.9464484820372203,
            -0.22985773142043808
          ],
          [
            1.9672594664728325,
            -0.18020140924325895
          ],
          [
            1.9831605477015615,
            -0.12949347670833206
          ],
          [
            1.9939048400145707,
            -0.07801200062565776
          ],
          [
            1.999320910891328,
            -0.02605712605349683
          ],
          [
            1.999320910891328,
            0.02605712605349683
          ],
          [
            1.9939048400145707,
            0.07801200062565734
          ],
          [
            1.9831605477015615,
            0.12949347670833206
          ],
          [
            1.9672594664728325,
            0.18020140924325895
          ],
          [
            1.946448482037221,
            0.22985773142043772
          ],
          [
            1.9210386836043292,
            0.2782132168390576
          ],
          [
            1.8913919691284828,
            0.3250524646562001
          ],
          [
            1.8579065768881033,
            0.3701969582384251
          ],
          [
            1.8210025791666338,
            0.4135062292966295
          ],
          [
            1.7811082301923216,
            0.45487731102495543
          ],
          [
            1.7386478468862547,
            0.4942427704372091
          ],
          [
            1.694031658851991,
            0.5315676670959149
          ],
          [
            1.647647829877165,
            0.5668457966460252
          ],
          [
            1.5998566531864822,
            0.6000955526528564
          ],
          [
            1.5509867710398952,
            0.6313556913616999
          ],
          [
            1.501333169549709,
            0.6606812230587881
          ],
          [
            1.4511566474591957,
            0.6881395905873655
          ],
          [
            1.400684444150086,
            0.7138072372699725
          ],
          [
            1.3501117266883744,
            0.7377666171389391
          ],
          [
            1.299603668023769,
            0.7601036616901612
          ],
          [
            1.2492978898829188,
            0.7809056893015454
          ],
          [
            1.199307087899409,
            0.800259724857224
          ],
          [
            1.1497216986592091,
            0.8182511863163081
          ],
          [
            1.1006125059629708,
            0.8349628901510997
          ],
          [
            1.0520331154590206,
            0.8504743270636669
          ],
          [
            1.0040222525986477,
            0.8648611617315721
          ],
          [
            0.9566058589392239,
            0.8781949143901868
          ],
          [
            0.9097989768389321,
            0.890542786976408
          ],
          [
            0.8636074233577792,
            0.9019676017354139
          ],
          [
            0.8180292615235143,
            0.9125278252320986
          ],
          [
            0.7730560817953277,
            0.9222776553727265
          ],
          [
            0.7286741092202725,
            0.9312671532047132
          ],
          [
            0.6848651529726156,
            0.9395424048764105
          ],
          [
            0.6416074151314489,
            0.9471457022085277
          ],
          [
            0.5988761750259023,
            0.9541157328891429
          ],
          [
            0.5566443645160859,
            0.960487773406367
          ],
          [
            0.5148830483696105,
            0.9662938795342771
          ],
          [
            0.47356182257244317,
            0.9715630705468722
          ],
          [
            0.4326491420717764,
            0.9763215044062785
          ],
          [
            0.3921125881491329,
            0.9805926420046946
          ],
          [
            0.35191908440275604,
            0.9843973991779343
          ],
          [
            0.3120350692015896,
            0.9877542856890523
          ],
          [
            0.2724266314695798,
            0.9906795307346036
          ],
          [
            0.233059615771609,
            0.993187194779563
          ],
          [
            0.19389970189907282,
            0.9952892677010351
          ],
          [
            0.15491246348910834,
            0.9969957533329488
          ],
          [
            0.11606340965023833,
            0.9983147405678683
          ],
          [
            0.0773180131018822,
            0.9992524611991177
          ],
          [
            0.03864172795899471,
            0.999813334685573
          ],
          [
            7.455177354798984e-17,
            1.0
          ]
        ]
      },
      "properties": {
        "type": "longitude",
        "value": -105.0
      }
    },
    {
      "type": "Feature",
      "geometry": {
        "type": "LineString",
        "coordinates": [
          [
            8.659560562354934e-17,
            -1.0
          ],
          [
            0.04488137037055616,
            -0.9997481761165735
          ],
          [
            0.08978530525234306,
            -0.9989918166532626
          ],
          [
            0.13473424307030876,
            -0.9977282550554875
          ],
          [
            0.17975036725087348,
            -0.9959530367282857
          ],
          [
            0.22485547162591052,
            -0.9936599036994359
          ],
          [
            0.2700708172321784,
            -0.9908407734948567
          ],
          [
            0.31541697749284303,
            -0.9874857125940201
          ],
          [
            0.36091366864795044,
            -0.9835829049682439
          ],
          [
            0.4065795621574482,
            -0.9791186163631883
          ],
          [
            0.4524320756387348,
            -0.9740771551747359
          ],
          [
            0.49848713872790845,
            -0.9684408309910914
          ],
          [
            0.5447589300796348,
            -0.9621899121403337
          ],
          [
            0.5912595815576742,
            -0.9553025838989766
          ],
          [
            0.6379988455336607,
            -0.9477549093908346
          ],
          [
            0.6849837211275418,
            -0.9395207956440169
          ],
          [
            0.7322180352171949,
            -0.9305719677841513
          ],
          [
            0.7797019741523187,
            -0.920877954929829
          ],
          [
            0.8274315623723167,
            -0.9104060920257107
          ],
          [
            0.8753980846026551,
            -0.8991215426006101
          ],
          [
            0.9235874490526368,
            -0.8869873482683452
          ],
          [
            0.9719794901340265,
            -0.8739645116878029
          ],
          [
            1.020547210749474,
            -0.8600121206459053
          ],
          [
            1.0692559662561283,
            -0.8450875218913236
          ],
          [
            1.118062594892885,
            -0.829146554280573
          ],
          [
            1.1669145028690449,
            -0.8121438516349628
          ],
          [
            1.215748716538415,
            -0.7940332263569323
          ],
          [
            1.264490919194763,
            -0.7747681452011924
          ],
          [
            1.3130544960509314,
            -0.7543023084944845
          ],
          [
            1.3613396178708597,
            -0.7325903433732972
          ],
          [
            1.4092324013863076,
            -0.7095886200614728
          ],
          [
            1.456604192799991,
            -0.6852561976220073
          ],
          [
            1.5033110289489164,
            -0.6595559017703787
          ],
          [
            1.5491933384829668,
            -0.6324555320336758
          ],
          [
            1.594075951902597,
            -0.6039291886400733
          ],
          [
            1.6377684934837269,
            -0.5739587009864133
          ],
          [
            1.6800662288038413,
            -0.5425351294692439
          ],
          [
            1.7207514374668724,
            -0.5096603011947499
          ],
          [
            1.7595953704151353,
            -0.4753483281798785
          ],
          [
            1.796360833818917,
            -0.439627044982848
          ],
          [
            1.8308054162796643,
            -0.4025392924054259
          ],
          [
            1.8626853429928623,
            -0.3641439663785337
          ],
          [
            1.8917599005574557,
            -0.32451674788939827
          ],
          [
            1.9177963313900226,
            -0.2837504322934913
          ],
          [
            1.9405750504956278,
            -0.2419547857523649
          ],
          [
            1.9598949940101358,
            -0.1992558734730367
          ],
          [
            1.9755788734887911,
            -0.15579482872094913
          ],
          [
            1.9874780874765767,
            -0.11172606208988207
          ],
          [
            1.9954770368588703,
            -0.0672149450809494
          ],
          [
            1.9994966057346297,
            -0.022435037640344324
          ],
          [
            1.9994966057346297,
            0.022435037640344324
          ],
          [
            1.9954770368588703,
            0.06721494508094905
          ],
          [
            1.9874780874765767,
            0.11172606208988207
          ],
          [
            1.9755788734887911,
            0.15579482872094913
          ],
          [
            1.9598949940101358,
            0.19925587347303633
          ],
          [
            1.9405750504956278,
            0.2419547857523649
          ],
          [
            1.9177963313900226,
            0.28375043229349095
          ],
          [
            1.8917599005574561,
            0.32451674788939794
          ],
          [
            1.8626853429928623,
            0.3641439663785337
          ],
          [
            1.8308054162796643,
            0.4025392924054255
          ],
          [
            1.796360833818917,
            0.439627044982848
          ],
          [
            1.7595953704151353,
            0.4753483281798785
          ],
          [
            1.7207514374668724,
            0.5096603011947496
          ],
          [
            1.6800662288038413,
            0.5425351294692439
          ],
          [
            1.6377684934837269,
            0.5739587009864132
          ],
          [
            1.5940759519025975,
            0.6039291886400731
          ],
          [
            1.5491933384829668,
            0.6324555320336758
          ],
          [
            1.5033110289489164,
            0.6595559017703786
          ],
          [
            1.456604192799991,
            0.6852561976220072
          ],
          [
            1.4092324013863076,
            0.7095886200614728
          ],
          [
            1.3613396178708599,
            0.7325903433732972
          ],
          [
            1.3130544960509314,
            0.7543023084944845
          ],
          [
            1.264490919194763,
            0.7747681452011923
          ],
          [
            1.215748716538415,
            0.7940332263569322
          ],
          [
            1.1669145028690453,
            0.8121438516349627
          ],
          [
            1.1180625948928853,
            0.8291465542805728
          ],
          [
            1.069255966256128,
            0.8450875218913236
          ],
          [
            1.020547210749474,
            0.8600121206459053
          ],
          [
            0.9719794901340265,
            0.8739645116878028
          ],
          [
            0.9235874490526371,
            0.8869873482683452
          ],
          [
            0.8753980846026556,
            0.89912154260061
          ],
          [
            0.8274315623723163,
            0.9104060920257108
          ],
          [
            0.7797019741523187,
            0.920877954929829
          ],
          [
            0.7322180352171949,
            0.9305719677841513
          ],
          [
            0.6849837211275418,
            0.9395207956440169
          ],
          [
            0.6379988455336609,
            0.9477549093908345
          ],
          [
            0.5912595815576744,
            0.9553025838989765
          ],
          [
            0.5447589300796348,
            0.9621899121403337
          ],
          [
            0.49848713872790845,
            0.9684408309910914
          ],
          [
            0.4524320756387348,
            0.9740771551747359
          ],
          [
            0.4065795621574485,
            0.9791186163631884
          ],
          [
            0.3609136686479508,
            0.9835829049682439
          ],
          [
            0.31541697749284303,
            0.9874857125940201
          ],
          [
            0.2700708172321784,
            0.9908407734948567
          ],
          [
            0.22485547162591052,
            0.9936599036994359
          ],
          [
            0.17975036725087412,
            0.9959530367282856
          ],
          [
            0.13473424307030912,
            0.9977282550554875
          ],
          [
            0.08978530525234338,
            0.9989918166532625
          ],
          [
            0.04488137037055616,
            0.9997481761165735
          ],
          [
            8.659560562354934e-17,
            1.0
          ]
        ]
      },
      "properties": {
        "type": "longitude",
        "value": -90.0
      }
    },
    {
      "type": "Feature",
      "geometry": {
        "type": "LineString",
        "coordinates": [
          [
            9.71577628780522e-17,
            -1.0
          ],
          [
            0.05035231711776193,
            -0.999683030285209
          ],
          [
            0.10071025116654535,
            -0.9987313759602694
          ],
          [
            0.15107921741573518,
            -0.9971428019678336
          ],
          [
            0.2014642259661476,
            -0.9949135848976861
          ],
          [
            0.25186967456327236,
            -0.9920385157638023
          ],
          [
            0.30229913591882773,
            -0.9885109043939184
          ],
          [
            0.3527551377655675,
            -0.9843225859417221
          ],
          [
            0.40323893392460186,
            -0.9794639301892835
          ],
          [
            0.4537502647410442,
            -0.9739238544731605
          ],
          [
            0.504287105348423,
            -0.9676898412429611
          ],
          [
            0.5548454003622878,
            -0.960747961446811
          ],
          [
            0.6054187837874792,
            -0.9530829051343448
          ],
          [
            0.6559982831616076,
            -0.9446780208739144
          ],
          [
            0.7065720072609472,
            -0.935515365795137
          ],
          [
            0.7571248170768724,
            -0.9255757682878146
          ],
          [
            0.8076379802449964,
            -0.914838905609313
          ],
          [
            0.8580888096899235,
            -0.9032833988683908
          ],
          [
            0.9084502879507225,
            -0.8908869280557227
          ],
          [
            0.9586906794901144,
            -0.8776263699688472
          ],
          [
            1.0087731342764934,
            -0.8634779620178473
          ],
          [
            1.0586552870717394,
            -0.8484174949803683
          ],
          [
            1.1082888581639787,
            -0.8324205377796707
          ],
          [
            1.1576192627504742,
            -0.8154626972628866
          ],
          [
            1.2065852377894024,
            -0.7975199157307439
          ],
          [
            1.255118496875323,
            -0.778568808584288
          ],
          [
            1.3031434255105043,
            -0.7585870438764344
          ],
          [
            1.3505768309823531,
            -0.7375537647544186
          ],
          [
            1.3973277628330234,
            -0.7154500547236086
          ],
          [
            1.4432974215130723,
            -0.6922594443295298
          ],
          [
            1.4883791741133332,
            -0.6679684562286068
          ],
          [
            1.532458696909785,
            -0.6425671836986315
          ],
          [
            1.5754142646561717,
            -0.616049895446354
          ],
          [
            1.6171172059261687,
            -0.5884156571458526
          ],
          [
            1.657432542147215,
            -0.5596689575613918
          ],
          [
            1.696219825102794,
            -0.529820324479971
          ],
          [
            1.7333341834658977,
            -0.4988869131448053
          ],
          [
            1.7686275832809926,
            -0.4668930476184123
          ],
          [
            1.8019503002390944,
            -0.43387069371767834
          ],
          [
            1.8331525932070094,
            -0.39985984107509975
          ],
          [
            1.8620865590267661,
            -0.3649087717128274
          ],
          [
            1.8886081384886964,
            -0.32907419347096395
          ],
          [
            1.9125792331380522,
            -0.2924212188646119
          ],
          [
            1.9338698828598517,
            -0.2550231735390064
          ],
          [
            1.9523604457429102,
            -0.21696122343551658
          ],
          [
            1.9679437153199546,
            -0.1783238159449637
          ],
          [
            1.9805269066354811,
            -0.13920593745678728
          ],
          [
            1.990033442294545,
            -0.0997081974429957
          ],
          [
            1.99640447307016,
            -0.05993575707676032
          ],
          [
            1.9996000748928324,
            -0.019997127847386983
          ],
          [
            1.9996000748928324,
            0.019997127847386983
          ],
          [
            1.99640447307016,
            0.05993575707676001
          ],
          [
            1.990033442294545,
            0.0997081974429957
          ],
          [
            1.9805269066354811,
            0.13920593745678728
          ],
          [
            1.967943715319955,
            0.17832381594496335
          ],
          [
            1.9523604457429102,
            0.21696122343551658
          ],
          [
            1.9338698828598517,
            0.25502317353900605
          ],
          [
            1.9125792331380522,
            0.2924212188646116
          ],
          [
            1.8886081384886964,
            0.32907419347096395
          ],
          [
            1.8620865590267661,
            0.36490877171282704
          ],
          [
            1.8331525932070094,
            0.39985984107509975
          ],
          [
            1.8019503002390944,
            0.43387069371767834
          ],
          [
            1.7686275832809926,
            0.46689304761841205
          ],
          [
            1.7333341834658977,
            0.4988869131448053
          ],
          [
            1.6962198251027945,
            0.5298203244799707
          ],
          [
            1.6574325421472154,
            0.5596689575613917
          ],
          [
            1.6171172059261687,
            0.5884156571458526
          ],
          [
            1.5754142646561717,
            0.6160498954463539
          ],
          [
            1.5324586969097853,
            0.6425671836986314
          ],
          [
            1.4883791741133332,
            0.6679684562286068
          ],
          [
            1.4432974215130725,
            0.6922594443295297
          ],
          [
            1.3973277628330234,
            0.7154500547236086
          ],
          [
            1.3505768309823534,
            0.7375537647544184
          ],
          [
            1.3031434255105043,
            0.7585870438764343
          ],
          [
            1.2551184968753233,
            0.7785688085842879
          ],
          [
            1.206585237789403,
            0.7975199157307438
          ],
          [
            1.157619262750474,
            0.8154626972628866
          ],
          [
            1.1082888581639787,
            0.8324205377796707
          ],
          [
            1.0586552870717394,
            0.8484174949803682
          ],
          [
            1.0087731342764938,
            0.8634779620178472
          ],
          [
            0.9586906794901149,
            0.8776263699688469
          ],
          [
            0.908450287950722,
            0.8908869280557229
          ],
          [
            0.8580888096899235,
            0.9032833988683908
          ],
          [
            0.8076379802449964,
            0.914838905609313
          ],
          [
            0.7571248170768724,
            0.9255757682878146
          ],
          [
            0.7065720072609474,
            0.9355153657951369
          ],
          [
            0.6559982831616079,
            0.9446780208739143
          ],
          [
            0.6054187837874792,
            0.9530829051343448
          ],
          [
            0.5548454003622878,
            0.960747961446811
          ],
          [
            0.504287105348423,
            0.9676898412429611
          ],
          [
            0.45375026474104446,
            0.9739238544731605
          ],
          [
            0.4032389339246022,
            0.9794639301892835
          ],
          [
            0.3527551377655675,
            0.9843225859417221
          ],
          [
            0.30229913591882773,
            0.9885109043939184
          ],
          [
            0.25186967456327236,
            0.9920385157638023
          ],
          [
            0.2014642259661483,
            0.994913584897686
          ],
          [
            0.15107921741573554,
            0.9971428019678337
          ],
          [
            0.1007102511665457,
            0.9987313759602693
          ],
          [
            0.05035231711776193,
            0.999683030285209
          ],
          [
            9.71577628780522e-17,
            1.0
          ]
        ]
      },
      "properties": {
        "type": "longitude",
        "value": -75.0
      }
    },
    {
      "type": "Feature",
      "geometry": {
        "type": "LineString",
        "coordinates": [
          [
            1.0605752387249069e-16,
            -1.0
          ],
          [
            0.05496130920405937,
            -0.9996223354960831
          ],
          [
            0.10990872993054737,
            -0.9984888671243478
          ],
          [
            0.1648281680543305,
            -0.9965981731640708
          ],
          [
            0.219705117795946,
            -0.9939478936561853
          ],
          [
            0.2745244550205083,
            -0.9905347449226216
          ],
          [
            0.3292702295556935,
            -0.9863545402045277
          ],
          [
            0.38392545631580927,
            -0.9814022167277667
          ],
          [
            0.4384719051185402,
            -0.9756718695880442
          ],
          [
            0.4928898892077682,
            -0.9691567929283622
          ],
          [
            0.5471580526511644,
            -0.9618495289569707
          ],
          [
            0.6012531569664448,
            -0.9537419254229473
          ],
          [
            0.6551498675467022,
            -0.9448252022270494
          ],
          [
            0.7088205407040828,
            -0.9350900278951717
          ],
          [
            0.7622350124331861,
            -0.924526606677842
          ],
          [
            0.815360390310977,
            -0.9131247770584165
          ],
          [
            0.8681608502980486,
            -0.9008741224513235
          ],
          [
            0.920597440584943,
            -0.8877640948456481
          ],
          [
            0.972627895033524,
            -0.8737841520940192
          ],
          [
            1.02420645919199,
            -0.8589239094572648
          ],
          [
            1.0752837323056321,
            -0.8431733058865878
          ],
          [
            1.125806529193918,
            -0.8265227853520348
          ],
          [
            1.1757177663051102,
            -0.8089634933040122
          ],
          [
            1.224956376676365,
            -0.7904874880793357
          ],
          [
            1.2734572589007145,
            -0.771087966731598
          ],
          [
            1.3211512655097413,
            -0.750759504375737
          ],
          [
            1.3679652363961914,
            -0.7294983056888331
          ],
          [
            1.413822082995437,
            -0.7073024667061545
          ],
          [
            1.45864092888801,
            -0.6841722444992787
          ],
          [
            1.5023373122457642,
            -0.6601103317314033
          ],
          [
            1.5448234550908957,
            -0.6351221324676514
          ],
          [
            1.5860086036419134,
            -0.6092160349937097
          ],
          [
            1.6257994430607887,
            -0.5824036767876791
          ],
          [
            1.6641005886756877,
            -0.554700196225229
          ],
          [
            1.700815154229405,
            -0.5261244651086863
          ],
          [
            1.735845395903852,
            -0.4966992957311796
          ],
          [
            1.76909342882086,
            -0.4664516159535876
          ],
          [
            1.8004620104625149,
            -0.43541260572050494
          ],
          [
            1.82985538305284,
            -0.40361778860468506
          ],
          [
            1.8571801644788344,
            -0.3711070723747967
          ],
          [
            1.8823462749020776,
            -0.3379247332477577
          ],
          [
            1.905267883935979,
            -0.3041193394220914
          ],
          [
            1.925864361260953,
            -0.2697436106865841
          ],
          [
            1.94406121194511,
            -0.2348542123374156
          ],
          [
            1.9597909766501813,
            -0.19951148327886356
          ],
          [
            1.9729940764349696,
            -0.163779099973502
          ],
          [
            1.9836195821010547,
            -0.12772367977908097
          ],
          [
            1.9916258890048828,
            -0.09141432908126572
          ],
          [
            1.9969812799948046,
            -0.054922143417549606
          ],
          [
            1.999664361586427,
            -0.01831966840003145
          ],
          [
            1.999664361586427,
            0.01831966840003145
          ],
          [
            1.9969812799948046,
            0.054922143417549314
          ],
          [
            1.9916258890048828,
            0.09141432908126572
          ],
          [
            1.9836195821010547,
            0.12772367977908097
          ],
          [
            1.9729940764349698,
            0.16377909997350173
          ],
          [
            1.9597909766501813,
            0.19951148327886356
          ],
          [
            1.94406121194511,
            0.23485421233741532
          ],
          [
            1.9258643612609532,
            0.2697436106865838
          ],
          [
            1.905267883935979,
            0.3041193394220914
          ],
          [
            1.8823462749020776,
            0.33792473324775735
          ],
          [
            1.8571801644788344,
            0.3711070723747967
          ],
          [
            1.82985538305284,
            0.40361778860468506
          ],
          [
            1.800462010462515,
            0.43541260572050466
          ],
          [
            1.76909342882086,
            0.4664516159535876
          ],
          [
            1.7358453959038522,
            0.49669929573117944
          ],
          [
            1.7008151542294052,
            0.5261244651086862
          ],
          [
            1.6641005886756877,
            0.554700196225229
          ],
          [
            1.6257994430607887,
            0.582403676787679
          ],
          [
            1.5860086036419137,
            0.6092160349937096
          ],
          [
            1.5448234550908957,
            0.6351221324676514
          ],
          [
            1.5023373122457644,
            0.6601103317314033
          ],
          [
            1.45864092888801,
            0.6841722444992787
          ],
          [
            1.4138220829954373,
            0.7073024667061544
          ],
          [
            1.3679652363961914,
            0.729498305688833
          ],
          [
            1.3211512655097417,
            0.750759504375737
          ],
          [
            1.2734572589007147,
            0.7710879667315977
          ],
          [
            1.2249563766763647,
            0.7904874880793358
          ],
          [
            1.1757177663051102,
            0.8089634933040122
          ],
          [
            1.125806529193918,
            0.8265227853520347
          ],
          [
            1.0752837323056328,
            0.8431733058865878
          ],
          [
            1.0242064591919904,
            0.8589239094572647
          ],
          [
            0.9726278950335235,
            0.8737841520940193
          ],
          [
            0.920597440584943,
            0.8877640948456481
          ],
          [
            0.8681608502980486,
            0.9008741224513235
          ],
          [
            0.815360390310977,
            0.9131247770584165
          ],
          [
            0.7622350124331866,
            0.924526606677842
          ],
          [
            0.7088205407040832,
            0.9350900278951716
          ],
          [
            0.6551498675467022,
            0.9448252022270494
          ],
          [
            0.6012531569664448,
            0.9537419254229473
          ],
          [
            0.5471580526511644,
            0.9618495289569707
          ],
          [
            0.49288988920776855,
            0.9691567929283622
          ],
          [
            0.43847190511854056,
            0.9756718695880442
          ],
          [
            0.38392545631580927,
            0.9814022167277667
          ],
          [
            0.3292702295556935,
            0.9863545402045277
          ],
          [
            0.2745244550205083,
            0.9905347449226216
          ],
          [
            0.21970511779594676,
            0.9939478936561852
          ],
          [
            0.1648281680543309,
            0.9965981731640708
          ],
          [
            0.10990872993054776,
            0.9984888671243477
          ],
          [
            0.05496130920405937,
            0.9996223354960831
          ],
          [
            1.0605752387249069e-16,
            1.0
          ]
        ]
      },
      "properties": {
        "type": "longitude",
        "value": -60.0
      }
    },
    {
      "type": "Feature",
      "geometry": {
        "type": "LineString",
        "coordinates": [
          [
            1.1314261122877003e-16,
            -1.0
          ],
          [
            0.0586298985691571,
            -0.99957022452074
          ],
          [
            0.11722665640117082,
            -0.9982807609872337
          ],
          [
            0.17575698857731784,
            -0.9961312013191627
          ],
          [
            0.23418732242843934,
            -0.993120876078763
          ],
          [
            0.2924836552036926,
            -0.9892488705374759
          ],
          [
            0.35061141362597836,
            -0.9845140472125313
          ],
          [
            0.4085353160189754,
            -0.9789150749126907
          ],
          [
            0.4662192377377206,
            -0.972450464337806
          ],
          [
            0.5236260806921853,
            -0.9651186102778949
          ],
          [
            0.5807176478203208,
            -0.9569178404531439
          ],
          [
            0.6374545234424096,
            -0.94784647102561
          ],
          [
            0.6937959605108505,
            -0.9379028687954348
          ],
          [
            0.7496997758568517,
            -0.9270855200681578
          ],
          [
            0.8051222546258753,
            -0.9153931061443149
          ],
          [
            0.8600180651844926,
            -0.9028245853370856
          ],
          [
            0.9143401858696678,
            -0.8893792813676038
          ],
          [
            0.9680398450340988,
            -0.8750569779200605
          ],
          [
            1.0210664759142816,
            -0.8598580190595407
          ],
          [
            1.073367687907304,
            -0.843783415124481
          ],
          [
            1.1248892558834653,
            -0.8268349536028855
          ],
          [
            1.1755751291797585,
            -0.8090153143874959
          ],
          [
            1.2253674619089754,
            -0.7903281886809358
          ],
          [
            1.274206666175492,
            -0.7707784006888649
          ],
          [
            1.3220314897064513,
            -0.7503720310993309
          ],
          [
            1.3687791192812397,
            -0.7291165412023777
          ],
          [
            1.4143853111683207,
            -0.7070208963586743
          ],
          [
            1.4587845495529816,
            -0.6840956873832609
          ],
          [
            1.5019102336596246,
            -0.6603532482748329
          ],
          [
            1.5436948939365758,
            -0.6358077685971886
          ],
          [
            1.584070437280215,
            -0.6104753987129352
          ],
          [
            1.6229684208307869,
            -0.5843743459859487
          ],
          [
            1.6603203533789617,
            -0.557524960014249
          ],
          [
            1.6960580228868603,
            -0.5299498049346548
          ],
          [
            1.7301138480592613,
            -0.5016737168602653
          ],
          [
            1.7624212513119544,
            -0.4727238445763036
          ],
          [
            1.7929150498890933,
            -0.4431296717331139
          ],
          [
            1.8215318612965823,
            -0.4129230189397922
          ],
          [
            1.848210518662309,
            -0.38213802437928057
          ],
          [
            1.8728924911261813,
            -0.35081110183514974
          ],
          [
            1.8955223039235107,
            -0.3189808753391439
          ],
          [
            1.9160479524742282,
            -0.28668809001217554
          ],
          [
            1.9344213045463035,
            -0.25397549907293104
          ],
          [
            1.950598484440945,
            -0.22088772741864182
          ],
          [
            1.964540233162836,
            -0.18747111263105876
          ],
          [
            1.976212238699867,
            -0.1537735247148052
          ],
          [
            1.9855854308477228,
            -0.11984416632158515
          ],
          [
            1.9926362354740357,
            -0.08573335563808138
          ],
          [
            1.9973467837175845,
            -0.05149229450369176
          ],
          [
            1.9997050723475076,
            -0.017172824663185714
          ],
          [
            1.9997050723475076,
            0.017172824663185714
          ],
          [
            1.9973467837175845,
            0.05149229450369149
          ],
          [
            1.9926362354740357,
            0.08573335563808138
          ],
          [
            1.9855854308477228,
            0.11984416632158515
          ],
          [
            1.9762122386998673,
            0.15377352471480493
          ],
          [
            1.964540233162836,
            0.18747111263105876
          ],
          [
            1.950598484440945,
            0.22088772741864157
          ],
          [
            1.9344213045463037,
            0.2539754990729308
          ],
          [
            1.9160479524742282,
            0.28668809001217554
          ],
          [
            1.8955223039235107,
            0.3189808753391436
          ],
          [
            1.8728924911261813,
            0.35081110183514974
          ],
          [
            1.848210518662309,
            0.38213802437928057
          ],
          [
            1.8215318612965827,
            0.412923018939792
          ],
          [
            1.7929150498890933,
            0.4431296717331139
          ],
          [
            1.7624212513119546,
            0.47272384457630345
          ],
          [
            1.7301138480592615,
            0.5016737168602652
          ],
          [
            1.6960580228868603,
            0.5299498049346548
          ],
          [
            1.6603203533789617,
            0.5575249600142489
          ],
          [
            1.622968420830787,
            0.5843743459859486
          ],
          [
            1.584070437280215,
            0.6104753987129352
          ],
          [
            1.543694893936576,
            0.6358077685971885
          ],
          [
            1.5019102336596246,
            0.6603532482748329
          ],
          [
            1.4587845495529819,
            0.6840956873832608
          ],
          [
            1.4143853111683207,
            0.7070208963586742
          ],
          [
            1.36877911928124,
            0.7291165412023776
          ],
          [
            1.322031489706452,
            0.7503720310993307
          ],
          [
            1.2742066661754918,
            0.770778400688865
          ],
          [
            1.2253674619089754,
            0.7903281886809358
          ],
          [
            1.1755751291797585,
            0.8090153143874957
          ],
          [
            1.1248892558834658,
            0.8268349536028854
          ],
          [
            1.0733676879073044,
            0.8437834151244807
          ],
          [
            1.0210664759142813,
            0.859858019059541
          ],
          [
            0.9680398450340988,
            0.8750569779200605
          ],
          [
            0.9143401858696678,
            0.8893792813676038
          ],
          [
            0.8600180651844926,
            0.9028245853370856
          ],
          [
            0.8051222546258756,
            0.9153931061443148
          ],
          [
            0.7496997758568519,
            0.9270855200681577
          ],
          [
            0.6937959605108505,
            0.9379028687954348
          ],
          [
            0.6374545234424096,
            0.94784647102561
          ],
          [
            0.5807176478203208,
            0.9569178404531439
          ],
          [
            0.5236260806921856,
            0.9651186102778949
          ],
          [
            0.46621923773772106,
            0.972450464337806
          ],
          [
            0.4085353160189754,
            0.9789150749126907
          ],
          [
            0.35061141362597836,
            0.9845140472125313
          ],
          [
            0.2924836552036926,
            0.9892488705374759
          ],
          [
            0.23418732242844015,
            0.9931208760787629
          ],
          [
            0.17575698857731825,
            0.9961312013191627
          ],
          [
            0.11722665640117122,
            0.9982807609872336
          ],
          [
            0.0586298985691571,
            0.99957022452074
          ],
          [
            1.1314261122877003e-16,
            1.0
          ]
        ]
      },
      "properties": {
        "type": "longitude",
        "value": -45.0
      }
    },
    {
      "type": "Feature",
      "geometry": {
        "type": "LineString",
        "coordinates": [
          [
            1.1829179713786698e-16,
            -1.0
          ],
          [
            0.06129572749027723,
            -0.9995302438885275
          ],
          [
            0.12254211537703472,
            -0.9981211637320042
          ],
          [
            0.18368977406964604,
            -0.9957733259761282
          ],
          [
            0.24468921467251145,
            -0.9924876810599401
          ],
          [
            0.3054908010052053,
            -0.9882655729232398
          ],
          [
            0.3660447036284141,
            -0.9831087522428008
          ],
          [
            0.4263008565417139,
            -0.9770193933223384
          ],
          [
            0.4862089172164647,
            -0.970000114538549
          ],
          [
            0.545718230623018,
            -0.9620540022220273
          ],
          [
            0.6047777979055112,
            -0.9531846378273939
          ],
          [
            0.663336250349278,
            -0.9433961282214062
          ],
          [
            0.7213418292748078,
            -0.932693138891146
          ],
          [
            0.7787423724774938,
            -0.9210809298465749
          ],
          [
            0.8354853078135731,
            -0.9085653939628753
          ],
          [
            0.8915176545088779,
            -0.8951530974781617
          ],
          [
            0.9467860327375989,
            -0.8808513223315553
          ],
          [
            1.0012366819825347,
            -0.8656681099954827
          ],
          [
            1.054815488645524,
            -0.8496123064247457
          ],
          [
            1.1074680233263425,
            -0.8326936077137923
          ],
          [
            1.1591395881297535,
            -0.814922606023171
          ],
          [
            1.2097752742931411,
            -0.7963108353069415
          ],
          [
            1.2593200303509795,
            -0.7768708163454219
          ],
          [
            1.3077187409671136,
            -0.756616100562793
          ],
          [
            1.354916316471527,
            -0.7355613120874475
          ],
          [
            1.4008577930351902,
            -0.7137221874953475
          ],
          [
            1.4454884433052861,
            -0.6911156126638404
          ],
          [
            1.4887538972042962,
            -0.6677596561561315
          ],
          [
            1.5306002724712635,
            -0.6436735985557615
          ],
          [
            1.5709743143932693,
            -0.6188779571766547
          ],
          [
            1.6098235440415183,
            -0.5933945055883155
          ],
          [
            1.6470964141912199,
            -0.5672462874180899
          ],
          [
            1.6827424719699935,
            -0.5404576239235406
          ],
          [
            1.7167125271480976,
            -0.513054114868206
          ],
          [
            1.7489588248580965,
            -0.4850626322834469
          ],
          [
            1.779435221414293,
            -0.4565113067576384
          ],
          [
            1.8080973617962286,
            -0.42742950596136836
          ],
          [
            1.8349028572685966,
            -0.3978478051929973
          ],
          [
            1.8598114615347143,
            -0.36779794981215935
          ],
          [
            1.882785243764895,
            -0.33731280951854065
          ],
          [
            1.9037887568068992,
            -0.3064263245282795
          ],
          [
            1.9227891988751116,
            -0.2751734437991822
          ],
          [
            1.9397565670297559,
            -0.24359005555694224
          ],
          [
            1.9546638007983046,
            -0.21171291047591193
          ],
          [
            1.9674869143587954,
            -0.17957953796779375
          ],
          [
            1.9782051157988476,
            -0.1472281561278853
          ],
          [
            1.9868009120840275,
            -0.11469757597926418
          ],
          [
            1.9932601985134,
            -0.08202710073859906
          ],
          [
            1.9975723316065412,
            -0.04925642090125597
          ],
          [
            1.9997301845523392,
            -0.016425506006420648
          ],
          [
            1.9997301845523392,
            0.016425506006420648
          ],
          [
            1.9975723316065412,
            0.04925642090125571
          ],
          [
            1.9932601985134,
            0.08202710073859906
          ],
          [
            1.9868009120840275,
            0.11469757597926418
          ],
          [
            1.9782051157988478,
            0.14722815612788503
          ],
          [
            1.9674869143587954,
            0.17957953796779375
          ],
          [
            1.9546638007983046,
            0.21171291047591168
          ],
          [
            1.9397565670297559,
            0.24359005555694196
          ],
          [
            1.9227891988751116,
            0.2751734437991822
          ],
          [
            1.9037887568068992,
            0.30642632452827917
          ],
          [
            1.882785243764895,
            0.33731280951854065
          ],
          [
            1.8598114615347143,
            0.36779794981215935
          ],
          [
            1.8349028572685968,
            0.39784780519299706
          ],
          [
            1.8080973617962286,
            0.42742950596136836
          ],
          [
            1.7794352214142932,
            0.45651130675763824
          ],
          [
            1.7489588248580967,
            0.48506263228344676
          ],
          [
            1.7167125271480976,
            0.513054114868206
          ],
          [
            1.6827424719699935,
            0.5404576239235405
          ],
          [
            1.64709641419122,
            0.5672462874180898
          ],
          [
            1.6098235440415183,
            0.5933945055883155
          ],
          [
            1.5709743143932695,
            0.6188779571766546
          ],
          [
            1.5306002724712635,
            0.6436735985557615
          ],
          [
            1.4887538972042964,
            0.6677596561561314
          ],
          [
            1.4454884433052861,
            0.6911156126638403
          ],
          [
            1.4008577930351904,
            0.7137221874953474
          ],
          [
            1.3549163164715272,
            0.7355613120874472
          ],
          [
            1.3077187409671136,
            0.7566161005627932
          ],
          [
            1.2593200303509795,
            0.7768708163454219
          ],
          [
            1.2097752742931411,
            0.7963108353069414
          ],
          [
            1.159139588129754,
            0.8149226060231709
          ],
          [
            1.107468023326343,
            0.8326936077137921
          ],
          [
            1.0548154886455237,
            0.8496123064247459
          ],
          [
            1.0012366819825347,
            0.8656681099954827
          ],
          [
            0.9467860327375989,
            0.8808513223315553
          ],
          [
            0.8915176545088779,
            0.8951530974781617
          ],
          [
            0.8354853078135734,
            0.9085653939628752
          ],
          [
            0.7787423724774941,
            0.9210809298465747
          ],
          [
            0.7213418292748078,
            0.932693138891146
          ],
          [
            0.663336250349278,
            0.9433961282214062
          ],
          [
            0.6047777979055112,
            0.9531846378273939
          ],
          [
            0.5457182306230184,
            0.9620540022220273
          ],
          [
            0.4862089172164651,
            0.970000114538549
          ],
          [
            0.4263008565417139,
            0.9770193933223384
          ],
          [
            0.3660447036284141,
            0.9831087522428008
          ],
          [
            0.3054908010052053,
            0.9882655729232398
          ],
          [
            0.2446892146725123,
            0.99248768105994
          ],
          [
            0.18368977406964646,
            0.9957733259761282
          ],
          [
            0.12254211537703515,
            0.9981211637320041
          ],
          [
            0.06129572749027723,
            0.9995302438885275
          ],
          [
            1.1829179713786698e-16,
            1.0
          ]
        ]
      },
      "properties": {
        "type": "longitude",
        "value": -30.0
      }
    },
    {
      "type": "Feature",
      "geometry": {
        "type": "LineString",
        "coordinates": [
          [
            1.2141697760125282e-16,
            -1.0
          ],
          [
            0.06291353276156272,
            -0.9995051134680927
          ],
          [
            0.1257669481477156,
            -0.9980208758780562
          ],
          [
            0.188500160879672,
            -0.9955485534804841
          ],
          [
            0.251053150076841,
            -0.9920902574660855
          ],
          [
            0.31336599196641945,
            -0.9876489451063699
          ],
          [
            0.37537889320034756,
            -0.9822284213129451
          ],
          [
            0.43703222497339594,
            -0.9758333405780419
          ],
          [
            0.49826655812870757,
            -0.9684692092486177
          ],
          [
            0.5590226994279178,
            -0.9601423880764149
          ],
          [
            0.6192417291519634,
            -0.9508600949767646
          ],
          [
            0.6788650401859444,
            -0.9406304079197811
          ],
          [
            0.7378343787270093,
            -0.9294622678689718
          ],
          [
            0.7960918867381607,
            -0.9173654816742446
          ],
          [
            0.8535801462533137,
            -0.9043507248189405
          ],
          [
            0.9102422256198721,
            -0.8904295439138604
          ],
          [
            0.9660217277446628,
            -0.8756143588254501
          ],
          [
            1.0208628403874016,
            -0.8599184643203339
          ],
          [
            1.074710388523062,
            -0.843356031104392
          ],
          [
            1.127509888770726,
            -0.8259421061315716
          ],
          [
            1.179207605861915,
            -0.8076926120556956
          ],
          [
            1.2297506110961296,
            -0.7886243456977308
          ],
          [
            1.2790868427056423,
            -0.7687549754013485
          ],
          [
            1.3271651680256447,
            -0.7481030371512104
          ],
          [
            1.3739354473398835,
            -0.7266879293312493
          ],
          [
            1.4193485992461727,
            -0.7045299060043384
          ],
          [
            1.4633566673609093,
            -0.6816500686001531
          ],
          [
            1.505912888157136,
            -0.658070355904715
          ],
          [
            1.5469717597071597,
            -0.6338135322530858
          ],
          [
            1.5864891110784005,
            -0.6089031738358872
          ],
          [
            1.6244221721103995,
            -0.5833636530407366
          ],
          [
            1.6607296432819099,
            -0.5572201207612526
          ],
          [
            1.6953717653600995,
            -0.5304984866189016
          ],
          [
            1.728310388509267,
            -0.5032253970565641
          ],
          [
            1.7595090405244227,
            -0.4754282112771667
          ],
          [
            1.788932993845769,
            -0.4471349750159378
          ],
          [
            1.8165493310037606,
            -0.4183743921506758
          ],
          [
            1.8423270081411842,
            -0.38917579417069115
          ],
          [
            1.866236916258693,
            -0.3595691075416671
          ],
          [
            1.8882519398335607,
            -0.3295848190203833
          ],
          [
            1.9083470124681607,
            -0.2992539389898844
          ],
          [
            1.926499169234796,
            -0.2686079629020891
          ],
          [
            1.9426875953970255,
            -0.2376788309307978
          ],
          [
            1.9568936712044407,
            -0.20649888595341506
          ],
          [
            1.969101012477847,
            -0.17510082999426185
          ],
          [
            1.9792955067248086,
            -0.1435176792759192
          ],
          [
            1.987465344551352,
            -0.11178271803746742
          ],
          [
            1.9936010461639935,
            -0.07992945128960764
          ],
          [
            1.9976954827869289,
            -0.04799155668630367
          ],
          [
            1.9997438928518194,
            -0.016002835700681325
          ],
          [
            1.9997438928518194,
            0.016002835700681325
          ],
          [
            1.9976954827869289,
            0.04799155668630342
          ],
          [
            1.9936010461639935,
            0.07992945128960764
          ],
          [
            1.987465344551352,
            0.11178271803746742
          ],
          [
            1.9792955067248088,
            0.14351767927591896
          ],
          [
            1.969101012477847,
            0.17510082999426185
          ],
          [
            1.9568936712044407,
            0.2064988859534148
          ],
          [
            1.9426875953970257,
            0.23767883093079756
          ],
          [
            1.926499169234796,
            0.2686079629020891
          ],
          [
            1.9083470124681607,
            0.2992539389898841
          ],
          [
            1.8882519398335607,
            0.3295848190203833
          ],
          [
            1.866236916258693,
            0.3595691075416671
          ],
          [
            1.8423270081411844,
            0.3891757941706909
          ],
          [
            1.8165493310037606,
            0.4183743921506758
          ],
          [
            1.7889329938457692,
            0.4471349750159377
          ],
          [
            1.759509040524423,
            0.47542821127716656
          ],
          [
            1.728310388509267,
            0.5032253970565641
          ],
          [
            1.6953717653600995,
            0.5304984866189015
          ],
          [
            1.66072964328191,
            0.5572201207612525
          ],
          [
            1.6244221721103995,
            0.5833636530407366
          ],
          [
            1.5864891110784007,
            0.6089031738358871
          ],
          [
            1.5469717597071597,
            0.6338135322530858
          ],
          [
            1.5059128881571362,
            0.6580703559047149
          ],
          [
            1.4633566673609093,
            0.681650068600153
          ],
          [
            1.419348599246173,
            0.7045299060043383
          ],
          [
            1.373935447339884,
            0.726687929331249
          ],
          [
            1.3271651680256444,
            0.7481030371512105
          ],
          [
            1.2790868427056423,
            0.7687549754013485
          ],
          [
            1.2297506110961296,
            0.7886243456977307
          ],
          [
            1.1792076058619154,
            0.8076926120556955
          ],
          [
            1.1275098887707264,
            0.8259421061315714
          ],
          [
            1.0747103885230616,
            0.8433560311043922
          ],
          [
            1.0208628403874016,
            0.8599184643203339
          ],
          [
            0.9660217277446628,
            0.8756143588254501
          ],
          [
            0.9102422256198721,
            0.8904295439138604
          ],
          [
            0.8535801462533139,
            0.9043507248189404
          ],
          [
            0.796091886738161,
            0.9173654816742445
          ],
          [
            0.7378343787270093,
            0.9294622678689718
          ],
          [
            0.6788650401859444,
            0.9406304079197811
          ],
          [
            0.6192417291519634,
            0.9508600949767646
          ],
          [
            0.5590226994279182,
            0.9601423880764149
          ],
          [
            0.498266558128708,
            0.9684692092486177
          ],
          [
            0.43703222497339594,
            0.9758333405780419
          ],
          [
            0.37537889320034756,
            0.9822284213129451
          ],
          [
            0.31336599196641945,
            0.9876489451063699
          ],
          [
            0.25105315007684187,
            0.9920902574660854
          ],
          [
            0.18850016087967245,
            0.9955485534804841
          ],
          [
            0.12576694814771605,
            0.9980208758780561
          ],
          [
            0.06291353276156272,
            0.9995051134680927
          ],
          [
            1.2141697760125282e-16,
            1.0
          ]
        ]
      },
      "properties": {
        "type": "longitude",
        "value": -15.0
      }
    },
    {
      "type": "Feature",
      "geometry": {
        "type": "LineString",
        "coordinates": [
          [
            1.2246467991473532e-16,
            -1.0
          ],
          [
            0.06345586699613519,
            -0.9994965423831851
          ],
          [
            0.12684783931312912,
            -0.9979866764718844
          ],
          [
            0.19011208660836518,
            -0.9954719225730846
          ],
          [
            0.25318490714749814,
            -0.9919548128307953
          ],
          [
            0.31600279194670006,
            -0.9874388886763943
          ],
          [
            0.37850248872082043,
            -0.9819286972627067
          ],
          [
            0.44062106557308106,
            -0.975429786885407
          ],
          [
            0.5022959743621584,
            -0.9679487013963562
          ],
          [
            0.5634651136828592,
            -0.9594929736144974
          ],
          [
            0.6240668913969746,
            -0.9500711177409453
          ],
          [
            0.6840402866513376,
            -0.9396926207859083
          ],
          [
            0.743324911320655,
            -0.9283679330160727
          ],
          [
            0.8018610708132275,
            -0.9161084574320696
          ],
          [
            0.8595898241783432,
            -0.9029265382866213
          ],
          [
            0.9164530434548209,
            -0.8888354486549235
          ],
          [
            0.9723934722009376,
            -0.8738493770697848
          ],
          [
            1.0273547831468128,
            -0.857983413234977
          ],
          [
            1.0812816349111953,
            -0.8412535328311811
          ],
          [
            1.1341197277255415,
            -0.8236765814298328
          ],
          [
            1.1858158581092808,
            -0.8052702575310586
          ],
          [
            1.2363179724412106,
            -0.7860530947427875
          ],
          [
            1.2855752193730787,
            -0.766044443118978
          ],
          [
            1.3335380010325832,
            -0.7452644496757547
          ],
          [
            1.380158022964224,
            -0.7237340381050702
          ],
          [
            1.4253883427577259,
            -0.7014748877063213
          ],
          [
            1.4691834173150666,
            -0.6785094115571322
          ],
          [
            1.5114991487085165,
            -0.6548607339452851
          ],
          [
            1.5522929285835136,
            -0.6305526670845225
          ],
          [
            1.5915236810616642,
            -0.6056096871376667
          ],
          [
            1.6291519041006715,
            -0.5800569095711982
          ],
          [
            1.6651397092695426,
            -0.5539200638661103
          ],
          [
            1.6994508598990288,
            -0.5272254676105025
          ],
          [
            1.7320508075688774,
            -0.49999999999999994
          ],
          [
            1.762906726895164,
            -0.47227107477268276
          ],
          [
            1.7919875485826717,
            -0.4440666126057742
          ],
          [
            1.8192639907090367,
            -0.41541501300188644
          ],
          [
            1.8447085882091627,
            -0.38634512569312873
          ],
          [
            1.8682957205302135,
            -0.3568862215918718
          ],
          [
            1.890001637429337,
            -0.32706796331742166
          ],
          [
            1.9098044828881477,
            -0.29692037532827503
          ],
          [
            1.927684317119884,
            -0.266473813690035
          ],
          [
            1.9436231366470833,
            -0.23575893550942728
          ],
          [
            1.9576048924295575,
            -0.20480666806519082
          ],
          [
            1.969615506024416,
            -0.17364817766693033
          ],
          [
            1.9796428837618654,
            -0.14231483827328523
          ],
          [
            1.9876769289225082,
            -0.11083819990101094
          ],
          [
            1.9937095519038848,
            -0.07924995685678848
          ],
          [
            1.997734678366016,
            -0.04758191582374241
          ],
          [
            1.9997482553477501,
            -0.015865963834807883
          ],
          [
            1.9997482553477501,
            0.015865963834807883
          ],
          [
            1.997734678366016,
            0.04758191582374216
          ],
          [
            1.9937095519038848,
            0.07924995685678848
          ],
          [
            1.9876769289225082,
            0.11083819990101094
          ],
          [
            1.9796428837618656,
            0.14231483827328498
          ],
          [
            1.969615506024416,
            0.17364817766693033
          ],
          [
            1.9576048924295575,
            0.20480666806519057
          ],
          [
            1.9436231366470835,
            0.23575893550942703
          ],
          [
            1.927684317119884,
            0.266473813690035
          ],
          [
            1.9098044828881477,
            0.29692037532827475
          ],
          [
            1.890001637429337,
            0.32706796331742166
          ],
          [
            1.8682957205302135,
            0.3568862215918718
          ],
          [
            1.844708588209163,
            0.3863451256931285
          ],
          [
            1.8192639907090367,
            0.41541501300188644
          ],
          [
            1.791987548582672,
            0.444066612605774
          ],
          [
            1.7629067268951641,
            0.4722710747726826
          ],
          [
            1.7320508075688774,
            0.49999999999999994
          ],
          [
            1.6994508598990288,
            0.5272254676105024
          ],
          [
            1.6651397092695428,
            0.5539200638661101
          ],
          [
            1.6291519041006715,
            0.5800569095711982
          ],
          [
            1.5915236810616644,
            0.6056096871376666
          ],
          [
            1.5522929285835136,
            0.6305526670845225
          ],
          [
            1.5114991487085168,
            0.654860733945285
          ],
          [
            1.4691834173150666,
            0.6785094115571321
          ],
          [
            1.425388342757726,
            0.7014748877063212
          ],
          [
            1.3801580229642245,
            0.72373403810507
          ],
          [
            1.333538001032583,
            0.7452644496757548
          ],
          [
            1.2855752193730787,
            0.766044443118978
          ],
          [
            1.2363179724412106,
            0.7860530947427874
          ],
          [
            1.1858158581092813,
            0.8052702575310585
          ],
          [
            1.134119727725542,
            0.8236765814298326
          ],
          [
            1.0812816349111949,
            0.8412535328311813
          ],
          [
            1.0273547831468128,
            0.857983413234977
          ],
          [
            0.9723934722009376,
            0.8738493770697848
          ],
          [
            0.9164530434548209,
            0.8888354486549235
          ],
          [
            0.8595898241783435,
            0.9029265382866212
          ],
          [
            0.8018610708132279,
            0.9161084574320695
          ],
          [
            0.743324911320655,
            0.9283679330160727
          ],
          [
            0.6840402866513376,
            0.9396926207859083
          ],
          [
            0.6240668913969746,
            0.9500711177409453
          ],
          [
            0.5634651136828596,
            0.9594929736144974
          ],
          [
            0.5022959743621589,
            0.9679487013963562
          ],
          [
            0.44062106557308106,
            0.975429786885407
          ],
          [
            0.37850248872082043,
            0.9819286972627067
          ],
          [
            0.31600279194670006,
            0.9874388886763943
          ],
          [
            0.253184907147499,
            0.9919548128307952
          ],
          [
            0.19011208660836562,
            0.9954719225730846
          ],
          [
            0.12684783931312957,
            0.9979866764718843
          ],
          [
            0.06345586699613519,
            0.9994965423831851
          ],
          [
            1.2246467991473532e-16,
            1.0
          ]
        ]
      },
      "properties": {
        "type": "longitude",
        "value": 0.0
      }
    },
    {
      "type": "Feature",
      "geometry": {
        "type": "LineString",
        "coordinates": [
          [
            1.2141697760125282e-16,
            -1.0
          ],
          [
            0.06291353276156272,
            -0.9995051134680927
          ],
          [
            0.1257669481477156,
            -0.9980208758780562
          ],
          [
            0.188500160879672,
            -0.9955485534804841
          ],
          [
            0.251053150076841,
            -0.9920902574660855
          ],
          [
            0.31336599196641945,
            -0.9876489451063699
          ],
          [
            0.37537889320034756,
            -0.9822284213129451
          ],
          [
            0.43703222497339594,
            -0.9758333405780419
          ],
          [
            0.49826655812870757,
            -0.9684692092486177
          ],
          [
            0.5590226994279178,
            -0.9601423880764149
          ],
          [
            0.6192417291519634,
            -0.9508600949767646
          ],
          [
            0.6788650401859444,
            -0.9406304079197811
          ],
          [
            0.7378343787270093,
            -0.9294622678689718
          ],
          [
            0.7960918867381607,
            -0.9173654816742446
          ],
          [
            0.8535801462533137,
            -0.9043507248189405
          ],
          [
            0.9102422256198721,
            -0.8904295439138604
          ],
          [
            0.9660217277446628,
            -0.8756143588254501
          ],
          [
            1.0208628403874016,
            -0.8599184643203339
          ],
          [
            1.074710388523062,
            -0.843356031104392
          ],
          [
            1.127509888770726,
            -0.8259421061315716
          ],
          [
            1.179207605861915,
            -0.8076926120556956
          ],
          [
            1.2297506110961296,
            -0.7886243456977308
          ],
          [
            1.2790868427056423,
            -0.7687549754013485
          ],
          [
            1.3271651680256447,
            -0.7481030371512104
          ],
          [
            1.3739354473398835,
            -0.7266879293312493
          ],
          [
            1.4193485992461727,
            -0.7045299060043384
          ],
          [
            1.4633566673609093,
            -0.6816500686001531
          ],
          [
            1.505912888157136,
            -0.658070355904715
          ],
          [
            1.5469717597071597,
            -0.6338135322530858
          ],
          [
            1.5864891110784005,
            -0.6089031738358872
          ],
          [
            1.6244221721103995,
            -0.5833636530407366
          ],
          [
            1.6607296432819099,
            -0.5572201207612526
          ],
          [
            1.6953717653600995,
            -0.5304984866189016
          ],
          [
            1.728310388509267,
            -0.5032253970565641
          ],
          [
            1.7595090405244227,
            -0.4754282112771667
          ],
          [
            1.788932993845769,
            -0.4471349750159378
          ],
          [
            1.8165493310037606,
            -0.4183743921506758
          ],
          [
            1.8423270081411842,
            -0.38917579417069115
          ],
          [
            1.866236916258693,
            -0.3595691075416671
          ],
          [
            1.8882519398335607,
            -0.3295848190203833
          ],
          [
            1.9083470124681607,
            -0.2992539389898844
          ],
          [
            1.926499169234796,
            -0.2686079629020891
          ],
          [
            1.9426875953970255,
            -0.2376788309307978
          ],
          [
            1.9568936712044407,
            -0.20649888595341506
          ],
          [
            1.969101012477847,
            -0.17510082999426185
          ],
          [
            1.9792955067248086,
            -0.1435176792759192
          ],
          [
            1.987465344551352,
            -0.11178271803746742
          ],
          [
            1.9936010461639935,
            -0.07992945128960764
          ],
          [
            1.9976954827869289,
            -0.04799155668630367
          ],
          [
            1.9997438928518194,
            -0.016002835700681325
          ],
          [
            1.9997438928518194,
            0.016002835700681325
          ],
          [
            1.9976954827869289,
            0.04799155668630342
          ],
          [
            1.9936010461639935,
            0.07992945128960764
          ],
          [
            1.987465344551352,
            0.11178271803746742
          ],
          [
            1.9792955067248088,
            0.14351767927591896
          ],
          [
            1.969101012477847,
            0.17510082999426185
          ],
          [
            1.9568936712044407,
            0.2064988859534148
          ],
          [
            1.9426875953970257,
            0.23767883093079756
          ],
          [
            1.926499169234796,
            0.2686079629020891
          ],
          [
            1.9083470124681607,
            0.2992539389898841
          ],
          [
            1.8882519398335607,
            0.3295848190203833
          ],
          [
            1.866236916258693,
            0.3595691075416671
          ],
          [
            1.8423270081411844,
            0.3891757941706909
          ],
          [
            1.8165493310037606,
            0.4183743921506758
          ],
          [
            1.7889329938457692,
            0.4471349750159377
          ],
          [
            1.759509040524423,
            0.47542821127716656
          ],
          [
            1.728310388509267,
            0.5032253970565641
          ],
          [
            1.6953717653600995,
            0.5304984866189015
          ],
          [
            1.66072964328191,
            0.5572201207612525
          ],
          [
            1.6244221721103995,
            0.5833636530407366
          ],
          [
            1.5864891110784007,
            0.6089031738358871
          ],
          [
            1.5469717597071597,
            0.6338135322530858
          ],
          [
            1.5059128881571362,
            0.6580703559047149
          ],
          [
            1.4633566673609093,
            0.681650068600153
          ],
          [
            1.419348599246173,
            0.7045299060043383
          ],
          [
            1.373935447339884,
            0.726687929331249
          ],
          [
            1.3271651680256444,
            0.7481030371512105
          ],
          [
            1.2790868427056423,
            0.7687549754013485
          ],
          [
            1.2297506110961296,
            0.7886243456977307
          ],
          [
            1.1792076058619154,
            0.8076926120556955
          ],
          [
            1.1275098887707264,
            0.8259421061315714
          ],
          [
            1.0747103885230616,
            0.8433560311043922
          ],
          [
            1.0208628403874016,
            0.8599184643203339
          ],
          [
            0.9660217277446628,
            0.8756143588254501
          ],
          [
            0.9102422256198721,
            0.8904295439138604
          ],
          [
            0.8535801462533139,
            0.9043507248189404
          ],
          [
            0.796091886738161,
            0.9173654816742445
          ],
          [
            0.7378343787270093,
            0.9294622678689718
          ],
          [
            0.6788650401859444,
            0.9406304079197811
          ],
          [
            0.6192417291519634,
            0.9508600949767646
          ],
          [
            0.5590226994279182,
            0.9601423880764149
          ],
          [
            0.498266558128708,
            0.9684692092486177
          ],
          [
            0.43703222497339594,
            0.9758333405780419
          ],
          [
            0.37537889320034756,
            0.9822284213129451
          ],
          [
            0.31336599196641945,
            0.9876489451063699
          ],
          [
            0.25105315007684187,
            0.9920902574660854
          ],
          [
            0.18850016087967245,
            0.9955485534804841
          ],
          [
            0.12576694814771605,
            0.9980208758780561
          ],
          [
            0.06291353276156272,
            0.9995051134680927
          ],
          [
            1.2141697760125282e-16,
            1.0
          ]
        ]
      },
      "properties": {
        "type": "longitude",
        "value": 15.0
      }
    },
    {
      "type": "Feature",
      "geometry": {
        "type": "LineString",
        "coordinates": [
          [
            1.1829179713786698e-16,
            -1.0
          ],
          [
            0.06129572749027723,
            -0.9995302438885275
          ],
          [
            0.12254211537703472,
            -0.9981211637320042
          ],
          [
            0.18368977406964604,
            -0.9957733259761282
          ],
          [
            0.24468921467251145,
            -0.9924876810599401
          ],
          [
            0.3054908010052053,
            -0.9882655729232398
          ],
          [
            0.3660447036284141,
            -0.9831087522428008
          ],
          [
            0.4263008565417139,
            -0.9770193933223384
          ],
          [
            0.4862089172164647,
            -0.970000114538549
          ],
          [
            0.545718230623018,
            -0.9620540022220273
          ],
          [
            0.6047777979055112,
            -0.9531846378273939
          ],
          [
            0.663336250349278,
            -0.9433961282214062
          ],
          [
            0.7213418292748078,
            -0.932693138891146
          ],
          [
            0.7787423724774938,
            -0.9210809298465749
          ],
          [
            0.8354853078135731,
            -0.9085653939628753
          ],
          [
            0.8915176545088779,
            -0.8951530974781617
          ],
          [
            0.9467860327375989,
            -0.8808513223315553
          ],
          [
            1.0012366819825347,
            -0.8656681099954827
          ],
          [
            1.054815488645524,
            -0.8496123064247457
          ],
          [
            1.1074680233263425,
            -0.8326936077137923
          ],
          [
            1.1591395881297535,
            -0.814922606023171
          ],
          [
            1.2097752742931411,
            -0.7963108353069415
          ],
          [
            1.2593200303509795,
            -0.7768708163454219
          ],
          [
            1.3077187409671136,
            -0.756616100562793
          ],
          [
            1.354916316471527,
            -0.7355613120874475
          ],
          [
            1.4008577930351902,
            -0.7137221874953475
          ],
          [
            1.4454884433052861,
            -0.6911156126638404
          ],
          [
            1.4887538972042962,
            -0.6677596561561315
          ],
          [
            1.5306002724712635,
            -0.6436735985557615
          ],
          [
            1.5709743143932693,
            -0.6188779571766547
          ],
          [
            1.6098235440415183,
            -0.5933945055883155
          ],
          [
            1.6470964141912199,
            -0.5672462874180899
          ],
          [
            1.6827424719699935,
            -0.5404576239235406
          ],
          [
            1.7167125271480976,
            -0.513054114868206
          ],
          [
            1.7489588248580965,
            -0.4850626322834469
          ],
          [
            1.779435221414293,
            -0.4565113067576384
          ],
          [
            1.8080973617962286,
            -0.42742950596136836
          ],
          [
            1.8349028572685966,
            -0.3978478051929973
          ],
          [
            1.8598114615347143,
            -0.36779794981215935
          ],
          [
            1.882785243764895,
            -0.33731280951854065
          ],
          [
            1.9037887568068992,
            -0.3064263245282795
          ],
          [
            1.9227891988751116,
            -0.2751734437991822
          ],
          [
            1.9397565670297559,
            -0.24359005555694224
          ],
          [
            1.9546638007983046,
            -0.21171291047591193
          ],
          [
            1.9674869143587954,
            -0.17957953796779375
          ],
          [
            1.9782051157988476,
            -0.1472281561278853
          ],
          [
            1.9868009120840275,
            -0.11469757597926418
          ],
          [
            1.9932601985134,
            -0.08202710073859906
          ],
          [
            1.9975723316065412,
            -0.04925642090125597
          ],
          [
            1.9997301845523392,
            -0.016425506006420648
          ],
          [
            1.9997301845523392,
            0.016425506006420648
          ],
          [
            1.9975723316065412,
            0.04925642090125571
          ],
          [
            1.9932601985134,
            0.08202710073859906
          ],
          [
            1.9868009120840275,
            0.11469757597926418
          ],
          [
            1.9782051157988478,
            0.14722815612788503
          ],
          [
            1.9674869143587954,
            0.17957953796779375
          ],
          [
            1.9546638007983046,
            0.21171291047591168
          ],
          [
            1.9397565670297559,
            0.24359005555694196
          ],
          [
            1.9227891988751116,
            0.2751734437991822
          ],
          [
            1.9037887568068992,
            0.30642632452827917
          ],
          [
            1.882785243764895,
            0.33731280951854065
          ],
          [
            1.8598114615347143,
            0.36779794981215935
          ],
          [
            1.8349028572685968,
            0.39784780519299706
          ],
          [
            1.8080973617962286,
            0.42742950596136836
          ],
          [
            1.7794352214142932,
            0.45651130675763824
          ],
          [
            1.7489588248580967,
            0.48506263228344676
          ],
          [
            1.7167125271480976,
            0.513054114868206
          ],
          [
            1.6827424719699935,
            0.5404576239235405
          ],
          [
            1.64709641419122,
            0.5672462874180898
          ],
          [
            1.6098235440415183,
            0.5933945055883155
          ],
          [
            1.5709743143932695,
            0.6188779571766546
          ],
          [
            1.5306002724712635,
            0.6436735985557615
          ],
          [
            1.4887538972042964,
            0.6677596561561314
          ],
          [
            1.4454884433052861,
            0.6911156126638403
          ],
          [
            1.4008577930351904,
            0.7137221874953474
          ],
          [
            1.3549163164715272,
            0.7355613120874472
          ],
          [
            1.3077187409671136,
            0.7566161005627932
          ],
          [
            1.2593200303509795,
            0.7768708163454219
          ],
          [
            1.2097752742931411,
            0.7963108353069414
          ],
          [
            1.159139588129754,
            0.8149226060231709
          ],
          [
            1.107468023326343,
            0.8326936077137921
          ],
          [
            1.0548154886455237,
            0.8496123064247459
          ],
          [
            1.0012366819825347,
            0.8656681099954827
          ],
          [
            0.9467860327375989,
            0.8808513223315553
          ],
          [
            0.8915176545088779,
            0.8951530974781617
          ],
          [
            0.8354853078135734,
            0.9085653939628752
          ],
          [
            0.7787423724774941,
            0.9210809298465747
          ],
          [
            0.7213418292748078,
            0.932693138891146
          ],
          [
            0.663336250349278,
            0.9433961282214062
          ],
          [
            0.6047777979055112,
            0.9531846378273939
          ],
          [
            0.5457182306230184,
            0.9620540022220273
          ],
          [
            0.4862089172164651,
            0.970000114538549
          ],
          [
            0.4263008565417139,
            0.9770193933223384
          ],
          [
            0.3660447036284141,
            0.9831087522428008
          ],
          [
            0.3054908010052053,
            0.9882655729232398
          ],
          [
            0.2446892146725123,
            0.99248768105994
          ],
          [
            0.18368977406964646,
            0.9957733259761282
          ],
          [
            0.12254211537703515,
            0.9981211637320041
          ],
          [
            0.06129572749027723,
            0.9995302438885275
          ],
          [
            1.1829179713786698e-16,
            1.0
          ]
        ]
      },
      "properties": {
        "type": "longitude",
        "value": 30.0
      }
    },
    {
      "type": "Feature",
      "geometry": {
        "type": "LineString",
        "coordinates": [
          [
            1.1314261122877003e-16,
            -1.0
          ],
          [
            0.0586298985691571,
            -0.99957022452074
          ],
          [
            0.11722665640117082,
            -0.9982807609872337
          ],
          [
            0.17575698857731784,
            -0.9961312013191627
          ],
          [
            0.23418732242843934,
            -0.993120876078763
          ],
          [
            0.2924836552036926,
            -0.9892488705374759
          ],
          [
            0.35061141362597836,
            -0.9845140472125313
          ],
          [
            0.4085353160189754,
            -0.9789150749126907
          ],
          [
            0.4662192377377206,
            -0.972450464337806
          ],
          [
            0.5236260806921853,
            -0.9651186102778949
          ],
          [
            0.5807176478203208,
            -0.9569178404531439
          ],
          [
            0.6374545234424096,
            -0.94784647102561
          ],
          [
            0.6937959605108505,
            -0.9379028687954348
          ],
          [
            0.7496997758568517,
            -0.9270855200681578
          ],
          [
            0.8051222546258753,
            -0.9153931061443149
          ],
          [
            0.8600180651844926,
            -0.9028245853370856
          ],
          [
            0.9143401858696678,
            -0.8893792813676038
          ],
          [
            0.9680398450340988,
            -0.8750569779200605
          ],
          [
            1.0210664759142816,
            -0.8598580190595407
          ],
          [
            1.073367687907304,
            -0.843783415124481
          ],
          [
            1.1248892558834653,
            -0.8268349536028855
          ],
          [
            1.1755751291797585,
            -0.8090153143874959
          ],
          [
            1.2253674619089754,
            -0.7903281886809358
          ],
          [
            1.274206666175492,
            -0.7707784006888649
          ],
          [
            1.3220314897064513,
            -0.7503720310993309
          ],
          [
            1.3687791192812397,
            -0.7291165412023777
          ],
          [
            1.4143853111683207,
            -0.7070208963586743
          ],
          [
            1.4587845495529816,
            -0.6840956873832609
          ],
          [
            1.5019102336596246,
            -0.6603532482748329
          ],
          [
            1.5436948939365758,
            -0.6358077685971886
          ],
          [
            1.584070437280215,
            -0.6104753987129352
          ],
          [
            1.6229684208307869,
            -0.5843743459859487
          ],
          [
            1.6603203533789617,
            -0.557524960014249
          ],
          [
            1.6960580228868603,
            -0.5299498049346548
          ],
          [
            1.7301138480592613,
            -0.5016737168602653
          ],
          [
            1.7624212513119544,
            -0.4727238445763036
          ],
          [
            1.7929150498890933,
            -0.4431296717331139
          ],
          [
            1.8215318612965823,
            -0.4129230189397922
          ],
          [
            1.848210518662309,
            -0.38213802437928057
          ],
          [
            1.8728924911261813,
            -0.35081110183514974
          ],
          [
            1.8955223039235107,
            -0.3189808753391439
          ],
          [
            1.9160479524742282,
            -0.28668809001217554
          ],
          [
            1.9344213045463035,
            -0.25397549907293104
          ],
          [
            1.950598484440945,
            -0.22088772741864182
          ],
          [
            1.964540233162836,
            -0.18747111263105876
          ],
          [
            1.976212238699867,
            -0.1537735247148052
          ],
          [
            1.9855854308477228,
            -0.11984416632158515
          ],
          [
            1.9926362354740357,
            -0.08573335563808138
          ],
          [
            1.9973467837175845,
            -0.05149229450369176
          ],
          [
            1.9997050723475076,
            -0.017172824663185714
          ],
          [
            1.9997050723475076,
            0.017172824663185714
          ],
          [
            1.9973467837175845,
            0.05149229450369149
          ],
          [
            1.9926362354740357,
            0.08573335563808138
          ],
          [
            1.9855854308477228,
            0.11984416632158515
          ],
          [
            1.9762122386998673,
            0.15377352471480493
          ],
          [
            1.964540233162836,
            0.18747111263105876
          ],
          [
            1.950598484440945,
            0.22088772741864157
          ],
          [
            1.9344213045463037,
            0.2539754990729308
          ],
          [
            1.9160479524742282,
            0.28668809001217554
          ],
          [
            1.8955223039235107,
            0.3189808753391436
          ],
          [
            1.8728924911261813,
            0.35081110183514974
          ],
          [
            1.848210518662309,
            0.38213802437928057
          ],
          [
            1.8215318612965827,
            0.412923018939792
          ],
          [
            1.7929150498890933,
            0.4431296717331139
          ],
          [
            1.7624212513119546,
            0.47272384457630345
          ],
          [
            1.7301138480592615,
            0.5016737168602652
          ],
          [
            1.6960580228868603,
            0.5299498049346548
          ],
          [
            1.6603203533789617,
            0.5575249600142489
          ],
          [
            1.622968420830787,
            0.5843743459859486
          ],
          [
            1.584070437280215,
            0.6104753987129352
          ],
          [
            1.543694893936576,
            0.6358077685971885
          ],
          [
            1.5019102336596246,
            0.6603532482748329
          ],
          [
            1.4587845495529819,
            0.6840956873832608
          ],
          [
            1.4143853111683207,
            0.7070208963586742
          ],
          [
            1.36877911928124,
            0.7291165412023776
          ],
          [
            1.322031489706452,
            0.7503720310993307
          ],
          [
            1.2742066661754918,
            0.770778400688865
          ],
          [
            1.2253674619089754,
            0.7903281886809358
          ],
          [
            1.1755751291797585,
            0.8090153143874957
          ],
          [
            1.1248892558834658,
            0.8268349536028854
          ],
          [
            1.0733676879073044,
            0.8437834151244807
          ],
          [
            1.0210664759142813,
            0.859858019059541
          ],
          [
            0.9680398450340988,
            0.8750569779200605
          ],
          [
            0.9143401858696678,
            0.8893792813676038
          ],
          [
            0.8600180651844926,
            0.9028245853370856
          ],
          [
            0.8051222546258756,
            0.9153931061443148
          ],
          [
            0.7496997758568519,
            0.9270855200681577
          ],
          [
            0.6937959605108505,
            0.9379028687954348
          ],
          [
            0.6374545234424096,
            0.94784647102561
          ],
          [
            0.5807176478203208,
            0.9569178404531439
          ],
          [
            0.5236260806921856,
            0.9651186102778949
          ],
          [
            0.46621923773772106,
            0.972450464337806
          ],
          [
            0.4085353160189754,
            0.9789150749126907
          ],
          [
            0.35061141362597836,
            0.9845140472125313
          ],
          [
            0.2924836552036926,
            0.9892488705374759
          ],
          [
            0.23418732242844015,
            0.9931208760787629
          ],
          [
            0.17575698857731825,
            0.9961312013191627
          ],
          [
            0.11722665640117122,
            0.9982807609872336
          ],
          [
            0.0586298985691571,
            0.99957022452074
          ],
          [
            1.1314261122877003e-16,
            1.0
          ]
        ]
      },
      "properties": {
        "type": "longitude",
        "value": 45.0
      }
    },
    {
      "type": "Feature",
      "geometry": {
        "type": "LineString",
        "coordinates": [
          [
            1.0605752387249069e-16,
            -1.0
          ],
          [
            0.05496130920405937,
            -0.9996223354960831
          ],
          [
            0.10990872993054737,
            -0.9984888671243478
          ],
          [
            0.1648281680543305,
            -0.9965981731640708
          ],
          [
            0.219705117795946,
            -0.9939478936561853
          ],
          [
            0.2745244550205083,
            -0.9905347449226216
          ],
          [
            0.3292702295556935,
            -0.9863545402045277
          ],
          [
            0.38392545631580927,
            -0.9814022167277667
          ],
          [
            0.4384719051185402,
            -0.9756718695880442
          ],
          [
            0.4928898892077682,
            -0.9691567929283622
          ],
          [
            0.5471580526511644,
            -0.9618495289569707
          ],
          [
            0.6012531569664448,
            -0.9537419254229473
          ],
          [
            0.6551498675467022,
            -0.9448252022270494
          ],
          [
            0.7088205407040828,
            -0.9350900278951717
          ],
          [
            0.7622350124331861,
            -0.924526606677842
          ],
          [
            0.815360390310977,
            -0.9131247770584165
          ],
          [
            0.8681608502980486,
            -0.9008741224513235
          ],
          [
            0.920597440584943,
            -0.8877640948456481
          ],
          [
            0.972627895033524,
            -0.8737841520940192
          ],
          [
            1.02420645919199,
            -0.8589239094572648
          ],
          [
            1.0752837323056321,
            -0.8431733058865878
          ],
          [
            1.125806529193918,
            -0.8265227853520348
          ],
          [
            1.1757177663051102,
            -0.8089634933040122
          ],
          [
            1.224956376676365,
            -0.7904874880793357
          ],
          [
            1.2734572589007145,
            -0.771087966731598
          ],
          [
            1.3211512655097413,
            -0.750759504375737
          ],
          [
            1.3679652363961914,
            -0.7294983056888331
          ],
          [
            1.413822082995437,
            -0.7073024667061545
          ],
          [
            1.45864092888801,
            -0.6841722444992787
          ],
          [
            1.5023373122457642,
            -0.6601103317314033
          ],
          [
            1.5448234550908957,
            -0.6351221324676514
          ],
          [
            1.5860086036419134,
            -0.6092160349937097
          ],
          [
            1.6257994430607887,
            -0.5824036767876791
          ],
          [
            1.6641005886756877,
            -0.554700196225229
          ],
          [
            1.700815154229405,
            -0.5261244651086863
          ],
          [
            1.735845395903852,
            -0.4966992957311796
          ],
          [
            1.76909342882086,
            -0.4664516159535876
          ],
          [
            1.8004620104625149,
            -0.43541260572050494
          ],
          [
            1.82985538305284,
            -0.40361778860468506
          ],
          [
            1.8571801644788344,
            -0.3711070723747967
          ],
          [
            1.8823462749020776,
            -0.3379247332477577
          ],
          [
            1.905267883935979,
            -0.3041193394220914
          ],
          [
            1.925864361260953,
            -0.2697436106865841
          ],
          [
            1.94406121194511,
            -0.2348542123374156
          ],
          [
            1.9597909766501813,
            -0.19951148327886356
          ],
          [
            1.9729940764349696,
            -0.163779099973502
          ],
          [
            1.9836195821010547,
            -0.12772367977908097
          ],
          [
            1.9916258890048828,
            -0.09141432908126572
          ],
          [
            1.9969812799948046,
            -0.054922143417549606
          ],
          [
            1.999664361586427,
            -0.01831966840003145
          ],
          [
            1.999664361586427,
            0.01831966840003145
          ],
          [
            1.9969812799948046,
            0.054922143417549314
          ],
          [
            1.9916258890048828,
            0.09141432908126572
          ],
          [
            1.9836195821010547,
            0.12772367977908097
          ],
          [
            1.9729940764349698,
            0.16377909997350173
          ],
          [
            1.9597909766501813,
            0.19951148327886356
          ],
          [
            1.94406121194511,
            0.23485421233741532
          ],
          [
            1.9258643612609532,
            0.2697436106865838
          ],
          [
            1.905267883935979,
            0.3041193394220914
          ],
          [
            1.8823462749020776,
            0.33792473324775735
          ],
          [
            1.8571801644788344,
            0.3711070723747967
          ],
          [
            1.82985538305284,
            0.40361778860468506
          ],
          [
            1.800462010462515,
            0.43541260572050466
          ],
          [
            1.76909342882086,
            0.4664516159535876
          ],
          [
            1.7358453959038522,
            0.49669929573117944
          ],
          [
            1.7008151542294052,
            0.5261244651086862
          ],
          [
            1.6641005886756877,
            0.554700196225229
          ],
          [
            1.6257994430607887,
            0.582403676787679
          ],
          [
            1.5860086036419137,
            0.6092160349937096
          ],
          [
            1.5448234550908957,
            0.6351221324676514
          ],
          [
            1.5023373122457644,
            0.6601103317314033
          ],
          [
            1.45864092888801,
            0.6841722444992787
          ],
          [
            1.4138220829954373,
            0.7073024667061544
          ],
          [
            1.3679652363961914,
            0.729498305688833
          ],
          [
            1.3211512655097417,
            0.750759504375737
          ],
          [
            1.2734572589007147,
            0.7710879667315977
          ],
          [
            1.2249563766763647,
            0.7904874880793358
          ],
          [
            1.1757177663051102,
            0.8089634933040122
          ],
          [
            1.125806529193918,
            0.8265227853520347
          ],
          [
            1.0752837323056328,
            0.8431733058865878
          ],
          [
            1.0242064591919904,
            0.8589239094572647
          ],
          [
            0.9726278950335235,
            0.8737841520940193
          ],
          [
            0.920597440584943,
            0.8877640948456481
          ],
          [
            0.8681608502980486,
            0.9008741224513235
          ],
          [
            0.815360390310977,
            0.9131247770584165
          ],
          [
            0.7622350124331866,
            0.924526606677842
          ],
          [
            0.7088205407040832,
            0.9350900278951716
          ],
          [
            0.6551498675467022,
            0.9448252022270494
          ],
          [
            0.6012531569664448,
            0.9537419254229473
          ],
          [
            0.5471580526511644,
            0.9618495289569707
          ],
          [
            0.49288988920776855,
            0.9691567929283622
          ],
          [
            0.43847190511854056,
            0.9756718695880442
          ],
          [
            0.38392545631580927,
            0.9814022167277667
          ],
          [
            0.3292702295556935,
            0.9863545402045277
          ],
          [
            0.2745244550205083,
            0.9905347449226216
          ],
          [
            0.21970511779594676,
            0.9939478936561852
          ],
          [
            0.1648281680543309,
            0.9965981731640708
          ],
          [
            0.10990872993054776,
            0.9984888671243477
          ],
          [
            0.05496130920405937,
            0.9996223354960831
          ],
          [
            1.0605752387249069e-16,
            1.0
          ]
        ]
      },
      "properties": {
        "type": "longitude",
        "value": 60.0
      }
    },
    {
      "type": "Feature",
      "geometry": {
        "type": "LineString",
        "coordinates": [
          [
            9.71577628780522e-17,
            -1.0
          ],
          [
            0.05035231711776193,
            -0.999683030285209
          ],
          [
            0.10071025116654535,
            -0.9987313759602694
          ],
          [
            0.15107921741573518,
            -0.9971428019678336
          ],
          [
            0.2014642259661476,
            -0.9949135848976861
          ],
          [
            0.25186967456327236,
            -0.9920385157638023
          ],
          [
            0.30229913591882773,
            -0.9885109043939184
          ],
          [
            0.3527551377655675,
            -0.9843225859417221
          ],
          [
            0.40323893392460186,
            -0.9794639301892835
          ],
          [
            0.4537502647410442,
            -0.9739238544731605
          ],
          [
            0.504287105348423,
            -0.9676898412429611
          ],
          [
            0.5548454003622878,
            -0.960747961446811
          ],
          [
            0.6054187837874792,
            -0.9530829051343448
          ],
          [
            0.6559982831616076,
            -0.9446780208739144
          ],
          [
            0.7065720072609472,
            -0.935515365795137
          ],
          [
            0.7571248170768724,
            -0.9255757682878146
          ],
          [
            0.8076379802449964,
            -0.914838905609313
          ],
          [
            0.8580888096899235,
            -0.9032833988683908
          ],
          [
            0.9084502879507225,
            -0.8908869280557227
          ],
          [
            0.9586906794901144,
            -0.8776263699688472
          ],
          [
            1.0087731342764934,
            -0.8634779620178473
          ],
          [
            1.0586552870717394,
            -0.8484174949803683
          ],
          [
            1.1082888581639787,
            -0.8324205377796707
          ],
          [
            1.1576192627504742,
            -0.8154626972628866
          ],
          [
            1.2065852377894024,
            -0.7975199157307439
          ],
          [
            1.255118496875323,
            -0.778568808584288
          ],
          [
            1.3031434255105043,
            -0.7585870438764344
          ],
          [
            1.3505768309823531,
            -0.7375537647544186
          ],
          [
            1.3973277628330234,
            -0.7154500547236086
          ],
          [
            1.4432974215130723,
            -0.6922594443295298
          ],
          [
            1.4883791741133332,
            -0.6679684562286068
          ],
          [
            1.532458696909785,
            -0.6425671836986315
          ],
          [
            1.5754142646561717,
            -0.616049895446354
          ],
          [
            1.6171172059261687,
            -0.5884156571458526
          ],
          [
            1.657432542147215,
            -0.5596689575613918
          ],
          [
            1.696219825102794,
            -0.529820324479971
          ],
          [
            1.7333341834658977,
            -0.4988869131448053
          ],
          [
            1.7686275832809926,
            -0.4668930476184123
          ],
          [
            1.8019503002390944,
            -0.43387069371767834
          ],
          [
            1.8331525932070094,
            -0.39985984107509975
          ],
          [
            1.8620865590267661,
            -0.3649087717128274
          ],
          [
            1.8886081384886964,
            -0.32907419347096395
          ],
          [
            1.9125792331380522,
            -0.2924212188646119
          ],
          [
            1.9338698828598517,
            -0.2550231735390064
          ],
          [
            1.9523604457429102,
            -0.21696122343551658
          ],
          [
            1.9679437153199546,
            -0.1783238159449637
          ],
          [
            1.9805269066354811,
            -0.13920593745678728
          ],
          [
            1.990033442294545,
            -0.0997081974429957
          ],
          [
            1.99640447307016,
            -0.05993575707676032
          ],
          [
            1.9996000748928324,
            -0.019997127847386983
          ],
          [
            1.9996000748928324,
            0.019997127847386983
          ],
          [
            1.99640447307016,
            0.05993575707676001
          ],
          [
            1.990033442294545,
            0.0997081974429957
          ],
          [
            1.9805269066354811,
            0.13920593745678728
          ],
          [
            1.967943715319955,
            0.17832381594496335
          ],
          [
            1.9523604457429102,
            0.21696122343551658
          ],
          [
            1.9338698828598517,
            0.25502317353900605
          ],
          [
            1.9125792331380522,
            0.2924212188646116
          ],
          [
            1.8886081384886964,
            0.32907419347096395
          ],
          [
            1.8620865590267661,
            0.36490877171282704
          ],
          [
            1.8331525932070094,
            0.39985984107509975
          ],
          [
            1.8019503002390944,
            0.43387069371767834
          ],
          [
            1.7686275832809926,
            0.46689304761841205
          ],
          [
            1.7333341834658977,
            0.4988869131448053
          ],
          [
            1.6962198251027945,
            0.5298203244799707
          ],
          [
            1.6574325421472154,
            0.5596689575613917
          ],
          [
            1.6171172059261687,
            0.5884156571458526
          ],
          [
            1.5754142646561717,
            0.6160498954463539
          ],
          [
            1.5324586969097853,
            0.6425671836986314
          ],
          [
            1.4883791741133332,
            0.6679684562286068
          ],
          [
            1.4432974215130725,
            0.6922594443295297
          ],
          [
            1.3973277628330234,
            0.7154500547236086
          ],
          [
            1.3505768309823534,
            0.7375537647544184
          ],
          [
            1.3031434255105043,
            0.7585870438764343
          ],
          [
            1.2551184968753233,
            0.7785688085842879
          ],
          [
            1.206585237789403,
            0.7975199157307438
          ],
          [
            1.157619262750474,
            0.8154626972628866
          ],
          [
            1.1082888581639787,
            0.8324205377796707
          ],
          [
            1.0586552870717394,
            0.8484174949803682
          ],
          [
            1.0087731342764938,
            0.8634779620178472
          ],
          [
            0.9586906794901149,
            0.8776263699688469
          ],
          [
            0.908450287950722,
            0.8908869280557229
          ],
          [
            0.8580888096899235,
            0.9032833988683908
          ],
          [
            0.8076379802449964,
            0.914838905609313
          ],
          [
            0.7571248170768724,
            0.9255757682878146
          ],
          [
            0.7065720072609474,
            0.9355153657951369
          ],
          [
            0.6559982831616079,
            0.9446780208739143
          ],
          [
            0.6054187837874792,
            0.9530829051343448
          ],
          [
            0.5548454003622878,
            0.960747961446811
          ],
          [
            0.504287105348423,
            0.9676898412429611
          ],
          [
            0.45375026474104446,
            0.9739238544731605
          ],
          [
            0.4032389339246022,
            0.9794639301892835
          ],
          [
            0.3527551377655675,
            0.9843225859417221
          ],
          [
            0.30229913591882773,
            0.9885109043939184
          ],
          [
            0.25186967456327236,
            0.9920385157638023
          ],
          [
            0.2014642259661483,
            0.994913584897686
          ],
          [
            0.15107921741573554,
            0.9971428019678337
          ],
          [
            0.1007102511665457,
            0.9987313759602693
          ],
          [
            0.05035231711776193,
            0.999683030285209
          ],
          [
            9.71577628780522e-17,
            1.0
          ]
        ]
      },
      "properties": {
        "type": "longitude",
        "value": 75.0
      }
    },
    {
      "type": "Feature",
      "geometry": {
        "type": "LineString",
        "coordinates": [
          [
            8.659560562354934e-17,
            -1.0
          ],
          [
            0.04488137037055616,
            -0.9997481761165735
          ],
          [
            0.08978530525234306,
            -0.9989918166532626
          ],
          [
            0.13473424307030876,
            -0.9977282550554875
          ],
          [
            0.17975036725087348,
            -0.9959530367282857
          ],
          [
            0.22485547162591052,
            -0.9936599036994359
          ],
          [
            0.2700708172321784,
            -0.9908407734948567
          ],
          [
            0.31541697749284303,
            -0.9874857125940201
          ],
          [
            0.36091366864795044,
            -0.9835829049682439
          ],
          [
            0.4065795621574482,
            -0.9791186163631883
          ],
          [
            0.4524320756387348,
            -0.9740771551747359
          ],
          [
            0.49848713872790845,
            -0.9684408309910914
          ],
          [
            0.5447589300796348,
            -0.9621899121403337
          ],
          [
            0.5912595815576742,
            -0.9553025838989766
          ],
          [
            0.6379988455336607,
            -0.9477549093908346
          ],
          [
            0.6849837211275418,
            -0.9395207956440169
          ],
          [
            0.7322180352171949,
            -0.9305719677841513
          ],
          [
            0.7797019741523187,
            -0.920877954929829
          ],
          [
            0.8274315623723167,
            -0.9104060920257107
          ],
          [
            0.8753980846026551,
            -0.8991215426006101
          ],
          [
            0.9235874490526368,
            -0.8869873482683452
          ],
          [
            0.9719794901340265,
            -0.8739645116878029
          ],
          [
            1.020547210749474,
            -0.8600121206459053
          ],
          [
            1.0692559662561283,
            -0.8450875218913236
          ],
          [
            1.118062594892885,
            -0.829146554280573
          ],
          [
            1.1669145028690449,
            -0.8121438516349628
          ],
          [
            1.215748716538415,
            -0.7940332263569323
          ],
          [
            1.264490919194763,
            -0.7747681452011924
          ],
          [
            1.3130544960509314,
            -0.7543023084944845
          ],
          [
            1.3613396178708597,
            -0.7325903433732972
          ],
          [
            1.4092324013863076,
            -0.7095886200614728
          ],
          [
            1.456604192799991,
            -0.6852561976220073
          ],
          [
            1.5033110289489164,
            -0.6595559017703787
          ],
          [
            1.5491933384829668,
            -0.6324555320336758
          ],
          [
            1.594075951902597,
            -0.6039291886400733
          ],
          [
            1.6377684934837269,
            -0.5739587009864133
          ],
          [
            1.6800662288038413,
            -0.5425351294692439
          ],
          [
            1.7207514374668724,
            -0.5096603011947499
          ],
          [
            1.7595953704151353,
            -0.4753483281798785
          ],
          [
            1.796360833818917,
            -0.439627044982848
          ],
          [
            1.8308054162796643,
            -0.4025392924054259
          ],
          [
            1.8626853429928623,
            -0.3641439663785337
          ],
          [
            1.8917599005574557,
            -0.32451674788939827
          ],
          [
            1.9177963313900226,
            -0.2837504322934913
          ],
          [
            1.9405750504956278,
            -0.2419547857523649
          ],
          [
            1.9598949940101358,
            -0.1992558734730367
          ],
          [
            1.9755788734887911,
            -0.15579482872094913
          ],
          [
            1.9874780874765767,
            -0.11172606208988207
          ],
          [
            1.9954770368588703,
            -0.0672149450809494
          ],
          [
            1.9994966057346297,
            -0.022435037640344324
          ],
          [
            1.9994966057346297,
            0.022435037640344324
          ],
          [
            1.9954770368588703,
            0.06721494508094905
          ],
          [
            1.9874780874765767,
            0.11172606208988207
          ],
          [
            1.9755788734887911,
            0.15579482872094913
          ],
          [
            1.9598949940101358,
            0.19925587347303633
          ],
          [
            1.9405750504956278,
            0.2419547857523649
          ],
          [
            1.9177963313900226,
            0.28375043229349095
          ],
          [
            1.8917599005574561,
            0.32451674788939794
          ],
          [
            1.8626853429928623,
            0.3641439663785337
          ],
          [
            1.8308054162796643,
            0.4025392924054255
          ],
          [
            1.796360833818917,
            0.439627044982848
          ],
          [
            1.7595953704151353,
            0.4753483281798785
          ],
          [
            1.7207514374668724,
            0.5096603011947496
          ],
          [
            1.6800662288038413,
            0.5425351294692439
          ],
          [
            1.6377684934837269,
            0.5739587009864132
          ],
          [
            1.5940759519025975,
            0.6039291886400731
          ],
          [
            1.5491933384829668,
            0.6324555320336758
          ],
          [
            1.5033110289489164,
            0.6595559017703786
          ],
          [
            1.456604192799991,
            0.6852561976220072
          ],
          [
            1.4092324013863076,
            0.7095886200614728
          ],
          [
            1.3613396178708599,
            0.7325903433732972
          ],
          [
            1.3130544960509314,
            0.7543023084944845
          ],
          [
            1.264490919194763,
            0.7747681452011923
          ],
          [
            1.215748716538415,
            0.7940332263569322
          ],
          [
            1.1669145028690453,
            0.8121438516349627
          ],
          [
            1.1180625948928853,
            0.8291465542805728
          ],
          [
            1.069255966256128,
            0.8450875218913236
          ],
          [
            1.020547210749474,
            0.8600121206459053
          ],
          [
            0.9719794901340265,
            0.8739645116878028
          ],
          [
            0.9235874490526371,
            0.8869873482683452
          ],
          [
            0.8753980846026556,
            0.89912154260061
          ],
          [
            0.8274315623723163,
            0.9104060920257108
          ],
          [
            0.7797019741523187,
            0.920877954929829
          ],
          [
            0.7322180352171949,
            0.9305719677841513
          ],
          [
            0.6849837211275418,
            0.9395207956440169
          ],
          [
            0.6379988455336609,
            0.9477549093908345
          ],
          [
            0.5912595815576744,
            0.9553025838989765
          ],
          [
            0.5447589300796348,
            0.9621899121403337
          ],
          [
            0.49848713872790845,
            0.9684408309910914
          ],
          [
            0.4524320756387348,
            0.9740771551747359
          ],
          [
            0.4065795621574485,
            0.9791186163631884
          ],
          [
            0.3609136686479508,
            0.9835829049682439
          ],
          [
            0.31541697749284303,
            0.9874857125940201
          ],
          [
            0.2700708172321784,
            0.9908407734948567
          ],
          [
            0.22485547162591052,
            0.9936599036994359
          ],
          [
            0.17975036725087412,
            0.9959530367282856
          ],
          [
            0.13473424307030912,
            0.9977282550554875
          ],
          [
            0.08978530525234338,
            0.9989918166532625
          ],
          [
            0.04488137037055616,
            0.9997481761165735
          ],
          [
            8.659560562354934e-17,
            1.0
          ]
        ]
      },
      "properties": {
        "type": "longitude",
        "value": 90.0
      }
    },
    {
      "type": "Feature",
      "geometry": {
        "type": "LineString",
        "coordinates": [
          [
            7.455177354798984e-17,
            -1.0
          ],
          [
            0.03864172795899471,
            -0.999813334685573
          ],
          [
            0.07731801310188194,
            -0.9992524611991178
          ],
          [
            0.11606340965023806,
            -0.9983147405678683
          ],
          [
            0.15491246348910778,
            -0.9969957533329488
          ],
          [
            0.19389970189907282,
            -0.9952892677010351
          ],
          [
            0.233059615771609,
            -0.993187194779563
          ],
          [
            0.2724266314695798,
            -0.9906795307346036
          ],
          [
            0.3120350692015893,
            -0.9877542856890522
          ],
          [
            0.3519190844027558,
            -0.9843973991779343
          ],
          [
            0.3921125881491329,
            -0.9805926420046946
          ],
          [
            0.4326491420717764,
            -0.9763215044062785
          ],
          [
            0.47356182257244317,
            -0.9715630705468722
          ],
          [
            0.5148830483696103,
            -0.9662938795342773
          ],
          [
            0.5566443645160857,
            -0.9604877734063672
          ],
          [
            0.5988761750259023,
            -0.9541157328891429
          ],
          [
            0.6416074151314489,
            -0.9471457022085277
          ],
          [
            0.6848651529726156,
            -0.9395424048764105
          ],
          [
            0.7286741092202728,
            -0.931267153204713
          ],
          [
            0.7730560817953275,
            -0.9222776553727268
          ],
          [
            0.818029261523514,
            -0.9125278252320986
          ],
          [
            0.8636074233577792,
            -0.9019676017354141
          ],
          [
            0.9097989768389321,
            -0.890542786976408
          ],
          [
            0.956605858939224,
            -0.8781949143901867
          ],
          [
            1.0040222525986473,
            -0.8648611617315722
          ],
          [
            1.0520331154590203,
            -0.8504743270636669
          ],
          [
            1.1006125059629708,
            -0.8349628901510999
          ],
          [
            1.149721698659209,
            -0.8182511863163083
          ],
          [
            1.199307087899409,
            -0.800259724857224
          ],
          [
            1.2492978898829186,
            -0.7809056893015456
          ],
          [
            1.299603668023769,
            -0.7601036616901612
          ],
          [
            1.3501117266883742,
            -0.7377666171389392
          ],
          [
            1.400684444150086,
            -0.7138072372699727
          ],
          [
            1.4511566474591957,
            -0.6881395905873655
          ],
          [
            1.5013331695497083,
            -0.6606812230587882
          ],
          [
            1.550986771039895,
            -0.6313556913617
          ],
          [
            1.5998566531864822,
            -0.6000955526528564
          ],
          [
            1.647647829877165,
            -0.5668457966460255
          ],
          [
            1.694031658851991,
            -0.5315676670959149
          ],
          [
            1.7386478468862547,
            -0.4942427704372091
          ],
          [
            1.7811082301923216,
            -0.4548773110249558
          ],
          [
            1.8210025791666338,
            -0.4135062292966295
          ],
          [
            1.8579065768881033,
            -0.37019695823842547
          ],
          [
            1.8913919691284828,
            -0.32505246465620047
          ],
          [
            1.9210386836043292,
            -0.2782132168390576
          ],
          [
            1.9464484820372203,
            -0.22985773142043808
          ],
          [
            1.9672594664728325,
            -0.18020140924325895
          ],
          [
            1.9831605477015615,
            -0.12949347670833206
          ],
          [
            1.9939048400145707,
            -0.07801200062565776
          ],
          [
            1.999320910891328,
            -0.02605712605349683
          ],
          [
            1.999320910891328,
            0.02605712605349683
          ],
          [
            1.9939048400145707,
            0.07801200062565734
          ],
          [
            1.9831605477015615,
            0.12949347670833206
          ],
          [
            1.9672594664728325,
            0.18020140924325895
          ],
          [
            1.946448482037221,
            0.22985773142043772
          ],
          [
            1.9210386836043292,
            0.2782132168390576
          ],
          [
            1.8913919691284828,
            0.3250524646562001
          ],
          [
            1.8579065768881033,
            0.3701969582384251
          ],
          [
            1.8210025791666338,
            0.4135062292966295
          ],
          [
            1.7811082301923216,
            0.45487731102495543
          ],
          [
            1.7386478468862547,
            0.4942427704372091
          ],
          [
            1.694031658851991,
            0.5315676670959149
          ],
          [
            1.647647829877165,
            0.5668457966460252
          ],
          [
            1.5998566531864822,
            0.6000955526528564
          ],
          [
            1.5509867710398952,
            0.6313556913616999
          ],
          [
            1.501333169549709,
            0.6606812230587881
          ],
          [
            1.4511566474591957,
            0.6881395905873655
          ],
          [
            1.400684444150086,
            0.7138072372699725
          ],
          [
            1.3501117266883744,
            0.7377666171389391
          ],
          [
            1.299603668023769,
            0.7601036616901612
          ],
          [
            1.2492978898829188,
            0.7809056893015454
          ],
          [
            1.199307087899409,
            0.800259724857224
          ],
          [
            1.1497216986592091,
            0.8182511863163081
          ],
          [
            1.1006125059629708,
            0.8349628901510997
          ],
          [
            1.0520331154590206,
            0.8504743270636669
          ],
          [
            1.0040222525986477,
            0.8648611617315721
          ],
          [
            0.9566058589392239,
            0.8781949143901868
          ],
          [
            0.9097989768389321,
            0.890542786976408
          ],
          [
            0.8636074233577792,
            0.9019676017354139
          ],
          [
            0.8180292615235143,
            0.9125278252320986
          ],
          [
            0.7730560817953277,
            0.9222776553727265
          ],
          [
            0.7286741092202725,
            0.9312671532047132
          ],
          [
            0.6848651529726156,
            0.9395424048764105
          ],
          [
            0.6416074151314489,
            0.9471457022085277
          ],
          [
            0.5988761750259023,
            0.9541157328891429
          ],
          [
            0.5566443645160859,
            0.960487773406367
          ],
          [
            0.5148830483696105,
            0.9662938795342771
          ],
          [
            0.47356182257244317,
            0.9715630705468722
          ],
          [
            0.4326491420717764,
            0.9763215044062785
          ],
          [
            0.3921125881491329,
            0.9805926420046946
          ],
          [
            0.35191908440275604,
            0.9843973991779343
          ],
          [
            0.3120350692015896,
            0.9877542856890523
          ],
          [
            0.2724266314695798,
            0.9906795307346036
          ],
          [
            0.233059615771609,
            0.993187194779563
          ],
          [
            0.19389970189907282,
            0.9952892677010351
          ],
          [
            0.15491246348910834,
            0.9969957533329488
          ],
          [
            0.11606340965023833,
            0.9983147405678683
          ],
          [
            0.0773180131018822,
            0.9992524611991177
          ],
          [
            0.03864172795899471,
            0.999813334685573
          ],
          [
            7.455177354798984e-17,
            1.0
          ]
        ]
      },
      "properties": {
        "type": "longitude",
        "value": 105.0
      }
    },
    {
      "type": "Feature",
      "geometry": {
        "type": "LineString",
        "coordinates": [
          [
            6.123233995736767e-17,
            -1.0
          ],
          [
            0.03173991752097904,
            -0.9998740642745666
          ],
          [
            0.06351980992758549,
            -0.9994955269718274
          ],
          [
            0.09537977459368162,
            -0.9988621900190309
          ],
          [
            0.12736015327008146,
            -0.997970364209156
          ],
          [
            0.15950165271368166,
            -0.9968148301943551
          ],
          [
            0.19184546327289226,
            -0.9953887831171307
          ],
          [
            0.22443337445166145,
            -0.9936837601108615
          ],
          [
            0.2573078862018462,
            -0.9916895496699482
          ],
          [
            0.2905123143291233,
            -0.9893940816508779
          ],
          [
            0.3240908879236522,
            -0.9867832964188311
          ],
          [
            0.35808883612100256,
            -0.9838409914012408
          ],
          [
            0.39255246073343375,
            -0.9805486430529756
          ],
          [
            0.4275291903316279,
            -0.9768852019831172
          ],
          [
            0.4630676101599645,
            -0.9728268587498933
          ],
          [
            0.49921746078284474,
            -0.9683467776124328
          ],
          [
            0.5360295965239585,
            -0.9634147953569068
          ],
          [
            0.5735558925023715,
            -0.9579970822210013
          ],
          [
            0.6118490863052285,
            -0.9520557619682075
          ],
          [
            0.6509625369725838,
            -0.9455484883730472
          ],
          [
            0.6909498799030144,
            -0.9384279758540356
          ],
          [
            0.7318645514141139,
            -0.9306414828471031
          ],
          [
            0.7737591509116681,
            -0.9221302479016257
          ],
          [
            0.8166846018613768,
            -0.9128288806072204
          ],
          [
            0.8606890649950143,
            -0.9026647125868509
          ],
          [
            0.9058165484909331,
            -0.8915571182599539
          ],
          [
            0.9521051504770585,
            -0.8794168213132862
          ],
          [
            0.9995848595947714,
            -0.8661452113342342
          ],
          [
            1.0482748303980058,
            -0.8516337064657011
          ],
          [
            1.0981800434651257,
            -0.8357632128980875
          ],
          [
            1.1492872574766695,
            -0.8184037511830201
          ],
          [
            1.2015601654168537,
            -0.799414343266904
          ],
          [
            1.2549336840845429,
            -0.7786432829848976
          ],
          [
            1.3093073414159546,
            -0.7559289460184543
          ],
          [
            1.364537787522994,
            -0.7311013312841544
          ],
          [
            1.4204305519292078,
            -0.7039845607586303
          ],
          [
            1.476731310566625,
            -0.6744005924508404
          ],
          [
            1.5331171190217858,
            -0.6421744115429896
          ],
          [
            1.5891883147916654,
            -0.6071409433009827
          ],
          [
            1.6444620808296764,
            -0.5691538598466431
          ],
          [
            1.6983689663460237,
            -0.5280963108545496
          ],
          [
            1.7502539231407876,
            -0.4838933778556703
          ],
          [
            1.7993835505454023,
            -0.43652572605363704
          ],
          [
            1.8449611372364692,
            -0.38604352153841315
          ],
          [
            1.8861506257886957,
            -0.3325792450067024
          ],
          [
            1.9221097217418441,
            -0.27635765666319534
          ],
          [
            1.9520310287625051,
            -0.21770097768981003
          ],
          [
            1.975188465173971,
            -0.15702748727825708
          ],
          [
            1.9909846213711169,
            -0.09484228680250123
          ],
          [
            1.9989935913866952,
            -0.031719952691183835
          ],
          [
            1.9989935913866952,
            0.031719952691183835
          ],
          [
            1.9909846213711169,
            0.09484228680250073
          ],
          [
            1.975188465173971,
            0.15702748727825708
          ],
          [
            1.9520310287625051,
            0.21770097768981003
          ],
          [
            1.9221097217418452,
            0.27635765666319495
          ],
          [
            1.8861506257886957,
            0.3325792450067024
          ],
          [
            1.8449611372364692,
            0.38604352153841265
          ],
          [
            1.7993835505454034,
            0.43652572605363676
          ],
          [
            1.7502539231407876,
            0.4838933778556703
          ],
          [
            1.6983689663460237,
            0.528096310854549
          ],
          [
            1.6444620808296764,
            0.5691538598466431
          ],
          [
            1.5891883147916654,
            0.6071409433009827
          ],
          [
            1.5331171190217863,
            0.6421744115429894
          ],
          [
            1.476731310566625,
            0.6744005924508404
          ],
          [
            1.4204305519292082,
            0.7039845607586301
          ],
          [
            1.3645377875229947,
            0.7311013312841544
          ],
          [
            1.3093073414159546,
            0.7559289460184543
          ],
          [
            1.2549336840845429,
            0.7786432829848975
          ],
          [
            1.2015601654168542,
            0.7994143432669041
          ],
          [
            1.1492872574766695,
            0.8184037511830201
          ],
          [
            1.0981800434651259,
            0.8357632128980874
          ],
          [
            1.0482748303980058,
            0.8516337064657011
          ],
          [
            0.9995848595947718,
            0.8661452113342343
          ],
          [
            0.9521051504770585,
            0.8794168213132861
          ],
          [
            0.9058165484909334,
            0.8915571182599539
          ],
          [
            0.8606890649950149,
            0.9026647125868509
          ],
          [
            0.8166846018613766,
            0.9128288806072206
          ],
          [
            0.7737591509116681,
            0.9221302479016257
          ],
          [
            0.7318645514141139,
            0.9306414828471029
          ],
          [
            0.6909498799030148,
            0.9384279758540356
          ],
          [
            0.650962536972584,
            0.945548488373047
          ],
          [
            0.6118490863052283,
            0.9520557619682076
          ],
          [
            0.5735558925023715,
            0.9579970822210013
          ],
          [
            0.5360295965239585,
            0.9634147953569068
          ],
          [
            0.49921746078284474,
            0.9683467776124328
          ],
          [
            0.4630676101599648,
            0.9728268587498933
          ],
          [
            0.4275291903316281,
            0.9768852019831171
          ],
          [
            0.39255246073343375,
            0.9805486430529756
          ],
          [
            0.35808883612100256,
            0.9838409914012408
          ],
          [
            0.3240908879236522,
            0.9867832964188311
          ],
          [
            0.29051231432912344,
            0.9893940816508779
          ],
          [
            0.2573078862018464,
            0.9916895496699482
          ],
          [
            0.22443337445166145,
            0.9936837601108615
          ],
          [
            0.19184546327289226,
            0.9953887831171307
          ],
          [
            0.15950165271368166,
            0.9968148301943551
          ],
          [
            0.1273601532700819,
            0.9979703642091559
          ],
          [
            0.09537977459368184,
            0.9988621900190309
          ],
          [
            0.06351980992758571,
            0.9994955269718273
          ],
          [
            0.03173991752097904,
            0.9998740642745666
          ],
          [
            6.123233995736767e-17,
            1.0
          ]
        ]
      },
      "properties": {
        "type": "longitude",
        "value": 120.0
      }
    },
    {
      "type": "Feature",
      "geometry": {
        "type": "LineString",
        "coordinates": [
          [
            4.686520405326299e-17,
            -1.0
          ],
          [
            0.024293948389538158,
            -0.9999262227874172
          ],
          [
            0.04862611716341813,
            -0.999704393899718
          ],
          [
            0.07303492865647544,
            -0.9993330149649994
          ],
          [
            0.09755921069076703,
            -0.9988095664851978
          ],
          [
            0.12223840328314553,
            -0.9981304740316752
          ],
          [
            0.14711277010341547,
            -0.9972910599309135
          ],
          [
            0.1722236162512145,
            -0.9962854794190963
          ],
          [
            0.1976135138958556,
            -0.9951066399042029
          ],
          [
            0.22332653727893037,
            -0.9937461015957499
          ],
          [
            0.24940850850277477,
            -0.9921939573347569
          ],
          [
            0.27590725540271904,
            -0.990438688967689
          ],
          [
            0.3028728826051082,
            -0.98846699704422
          ],
          [
            0.3303580565759584,
            -0.9862635999639442
          ],
          [
            0.35841830502556965,
            -0.9838109979338763
          ],
          [
            0.3871123303964896,
            -0.9810891962068229
          ],
          [
            0.4165023362503549,
            -0.9780753810287318
          ],
          [
            0.44665436408137305,
            -0.9747435405078435
          ],
          [
            0.4776386362832753,
            -0.971064021206822
          ],
          [
            0.5095298984980797,
            -0.9670030096303395
          ],
          [
            0.5424077511319618,
            -0.9625219259206472
          ],
          [
            0.5763569551061857,
            -0.9575767149817197
          ],
          [
            0.6114676904813158,
            -0.9521170179522901
          ],
          [
            0.6478357378723247,
            -0.9460852045053105
          ],
          [
            0.6855625408033076,
            -0.939415244001197
          ],
          [
            0.7247550913531556,
            -0.9320313913111619
          ],
          [
            0.7655255603697811,
            -0.923846661576007
          ],
          [
            0.8079905656284839,
            -0.9147610679646575
          ],
          [
            0.8522699347169365,
            -0.9046595987410943
          ],
          [
            0.8984847720316526,
            -0.8934099163356132
          ],
          [
            0.946754578902201,
            -0.8808597742160378
          ],
          [
            0.9971931007530341,
            -0.8668341709650333
          ],
          [
            1.0499024849043388,
            -0.8511323005549278
          ],
          [
            1.1049652295936156,
            -0.8335244209663458
          ],
          [
            1.1624332973489488,
            -0.8137488600935869
          ],
          [
            1.2223136725921346,
            -0.7915095207567512
          ],
          [
            1.28454960008505,
            -0.766474449169921
          ],
          [
            1.3489968096752545,
            -0.7382763045577828
          ],
          [
            1.415394312475841,
            -0.7065159128093013
          ],
          [
            1.4833299864843108,
            -0.6707704807153589
          ],
          [
            1.5522023351519927,
            -0.6306084186618315
          ],
          [
            1.6211816778663746,
            -0.585612919800777
          ],
          [
            1.68917669216488,
            -0.5354162172195841
          ],
          [
            1.7548154622573011,
            -0.47974542557034816
          ],
          [
            1.8164532408687368,
            -0.41847868038212555
          ],
          [
            1.8722204841429524,
            -0.35170671686631544
          ],
          [
            1.9201221927933374,
            -0.2797904415551499
          ],
          [
            1.9581911368088114,
            -0.20340075695742552
          ],
          [
            1.984682870584921,
            -0.1235252031032493
          ],
          [
            1.9982828693056134,
            -0.04142938039521171
          ],
          [
            1.9982828693056134,
            0.04142938039521171
          ],
          [
            1.984682870584921,
            0.12352520310324865
          ],
          [
            1.9581911368088114,
            0.20340075695742552
          ],
          [
            1.9201221927933374,
            0.2797904415551499
          ],
          [
            1.8722204841429533,
            0.35170671686631494
          ],
          [
            1.8164532408687368,
            0.41847868038212555
          ],
          [
            1.7548154622573011,
            0.4797454255703476
          ],
          [
            1.6891766921648812,
            0.5354162172195838
          ],
          [
            1.6211816778663746,
            0.585612919800777
          ],
          [
            1.5522023351519927,
            0.6306084186618309
          ],
          [
            1.4833299864843108,
            0.6707704807153589
          ],
          [
            1.415394312475841,
            0.7065159128093013
          ],
          [
            1.3489968096752551,
            0.7382763045577827
          ],
          [
            1.28454960008505,
            0.766474449169921
          ],
          [
            1.2223136725921353,
            0.7915095207567512
          ],
          [
            1.1624332973489493,
            0.8137488600935868
          ],
          [
            1.1049652295936156,
            0.8335244209663458
          ],
          [
            1.0499024849043388,
            0.8511323005549276
          ],
          [
            0.9971931007530347,
            0.8668341709650336
          ],
          [
            0.946754578902201,
            0.8808597742160378
          ],
          [
            0.8984847720316529,
            0.8934099163356133
          ],
          [
            0.8522699347169365,
            0.9046595987410943
          ],
          [
            0.807990565628484,
            0.9147610679646575
          ],
          [
            0.7655255603697811,
            0.9238466615760069
          ],
          [
            0.7247550913531559,
            0.9320313913111617
          ],
          [
            0.685562540803308,
            0.939415244001197
          ],
          [
            0.6478357378723245,
            0.9460852045053105
          ],
          [
            0.6114676904813158,
            0.9521170179522901
          ],
          [
            0.5763569551061857,
            0.9575767149817196
          ],
          [
            0.5424077511319622,
            0.9625219259206472
          ],
          [
            0.50952989849808,
            0.9670030096303392
          ],
          [
            0.4776386362832751,
            0.9710640212068221
          ],
          [
            0.44665436408137305,
            0.9747435405078435
          ],
          [
            0.4165023362503549,
            0.9780753810287318
          ],
          [
            0.3871123303964896,
            0.9810891962068229
          ],
          [
            0.35841830502556987,
            0.9838109979338763
          ],
          [
            0.3303580565759586,
            0.9862635999639442
          ],
          [
            0.3028728826051082,
            0.98846699704422
          ],
          [
            0.27590725540271904,
            0.990438688967689
          ],
          [
            0.24940850850277477,
            0.9921939573347569
          ],
          [
            0.22332653727893048,
            0.9937461015957499
          ],
          [
            0.19761351389585582,
            0.995106639904203
          ],
          [
            0.1722236162512145,
            0.9962854794190963
          ],
          [
            0.14711277010341547,
            0.9972910599309135
          ],
          [
            0.12223840328314553,
            0.9981304740316752
          ],
          [
            0.09755921069076738,
            0.9988095664851977
          ],
          [
            0.07303492865647562,
            0.9993330149649994
          ],
          [
            0.048626117163418296,
            0.9997043938997179
          ],
          [
            0.024293948389538158,
            0.9999262227874172
          ],
          [
            4.686520405326299e-17,
            1.0
          ]
        ]
      },
      "properties": {
        "type": "longitude",
        "value": 135.0
      }
    },
    {
      "type": "Feature",
      "geometry": {
        "type": "LineString",
        "coordinates": [
          [
            3.169619151431765e-17,
            -1.0
          ],
          [
            0.016431305087454506,
            -0.9999662509571414
          ],
          [
            0.032892419446620795,
            -0.9998647519468505
          ],
          [
            0.04941335618536016,
            -0.999694743438028
          ],
          [
            0.06602453882220724,
            -0.9994549464925014
          ],
          [
            0.08275701339382732,
            -0.9991435428323266
          ],
          [
            0.09964266900375536,
            -0.9987581462138129
          ],
          [
            0.11671446989499676,
            -0.9982957643550745
          ],
          [
            0.134006702368056,
            -0.9977527503996718
          ],
          [
            0.1515552401755683,
            -0.9971247425943414
          ],
          [
            0.1693978324123482,
            -0.9964065905008355
          ],
          [
            0.18757441839437977,
            -0.9955922656343823
          ],
          [
            0.20612747459268324,
            -0.9946747539042654
          ],
          [
            0.2251023993701155,
            -0.993645926600343
          ],
          [
            0.2445479420741355,
            -0.9924963858910654
          ],
          [
            0.26451668397981537,
            -0.9912152798328328
          ],
          [
            0.2850655796673859,
            -0.9897900806849017
          ],
          [
            0.3062565686665986,
            -0.9882063188105712
          ],
          [
            0.32815726860828853,
            -0.9864472625360601
          ],
          [
            0.3508417626805171,
            -0.9844935319187258
          ],
          [
            0.3743914958578336,
            -0.9823226312965274
          ],
          [
            0.3988962960829698,
            -0.9799083815555524
          ],
          [
            0.42445553819043885,
            -0.9772202280063929
          ],
          [
            0.451179469624008,
            -0.9742223932693446
          ],
          [
            0.47919071749600406,
            -0.970872836197623
          ],
          [
            0.5086259955727933,
            -0.9671219670532235
          ],
          [
            0.539638026218545,
            -0.9629110551679936
          ],
          [
            0.5723976843694688,
            -0.9581702472588666
          ],
          [
            0.607096355335005,
            -0.9528160912971289
          ],
          [
            0.643948471009654,
            -0.9467484310370323
          ],
          [
            0.6831941426251983,
            -0.9398464985680669
          ],
          [
            0.7251017309993223,
            -0.9319639853156593
          ],
          [
            0.7699700694350036,
            -0.922922815322909
          ],
          [
            0.8181298523444653,
            -0.9125052800810008
          ],
          [
            0.8699433822873934,
            -0.9004441281409925
          ],
          [
            0.9258013671429906,
            -0.8864101517633038
          ],
          [
            0.9861146890694287,
            -0.8699968132127699
          ],
          [
            1.0512979111100085,
            -0.8507015784186212
          ],
          [
            1.1217396145596488,
            -0.8279040157420989
          ],
          [
            1.1977523806632349,
            -0.8008416252005692
          ],
          [
            1.2794924511057841,
            -0.7685862130501878
          ],
          [
            1.3668364879669326,
            -0.7300270568893699
          ],
          [
            1.459202341046112,
            -0.6838728916775308
          ],
          [
            1.5553066579026054,
            -0.6286933274426875
          ],
          [
            1.652872346362135,
            -0.5630304180573474
          ],
          [
            1.7483434133664844,
            -0.48561695525847043
          ],
          [
            1.836737327564001,
            -0.3957259119431831
          ],
          [
            1.9118414720788959,
            -0.29362483956539026
          ],
          [
            1.9669623033001808,
            -0.1810105641917382
          ],
          [
            1.9962517583681076,
            -0.061194193376993306
          ],
          [
            1.9962517583681076,
            0.061194193376993306
          ],
          [
            1.9669623033001808,
            0.18101056419173722
          ],
          [
            1.9118414720788959,
            0.29362483956539026
          ],
          [
            1.836737327564001,
            0.3957259119431831
          ],
          [
            1.7483434133664866,
            0.4856169552584702
          ],
          [
            1.652872346362135,
            0.5630304180573474
          ],
          [
            1.5553066579026054,
            0.6286933274426867
          ],
          [
            1.4592023410461121,
            0.6838728916775301
          ],
          [
            1.3668364879669326,
            0.7300270568893699
          ],
          [
            1.2794924511057841,
            0.768586213050187
          ],
          [
            1.1977523806632349,
            0.8008416252005692
          ],
          [
            1.1217396145596488,
            0.8279040157420989
          ],
          [
            1.0512979111100091,
            0.850701578418621
          ],
          [
            0.9861146890694287,
            0.8699968132127699
          ],
          [
            0.9258013671429909,
            0.8864101517633037
          ],
          [
            0.8699433822873938,
            0.9004441281409924
          ],
          [
            0.8181298523444653,
            0.9125052800810008
          ],
          [
            0.7699700694350036,
            0.9229228153229088
          ],
          [
            0.7251017309993226,
            0.9319639853156594
          ],
          [
            0.6831941426251983,
            0.9398464985680669
          ],
          [
            0.6439484710096541,
            0.9467484310370321
          ],
          [
            0.607096355335005,
            0.9528160912971289
          ],
          [
            0.572397684369469,
            0.9581702472588666
          ],
          [
            0.539638026218545,
            0.9629110551679935
          ],
          [
            0.5086259955727934,
            0.9671219670532235
          ],
          [
            0.4791907174960043,
            0.9708728361976229
          ],
          [
            0.45117946962400796,
            0.9742223932693447
          ],
          [
            0.42445553819043885,
            0.9772202280063929
          ],
          [
            0.3988962960829698,
            0.9799083815555522
          ],
          [
            0.3743914958578338,
            0.9823226312965275
          ],
          [
            0.35084176268051726,
            0.9844935319187257
          ],
          [
            0.32815726860828837,
            0.9864472625360603
          ],
          [
            0.3062565686665986,
            0.9882063188105712
          ],
          [
            0.2850655796673859,
            0.9897900806849017
          ],
          [
            0.26451668397981537,
            0.9912152798328328
          ],
          [
            0.24454794207413558,
            0.9924963858910653
          ],
          [
            0.2251023993701156,
            0.993645926600343
          ],
          [
            0.20612747459268324,
            0.9946747539042654
          ],
          [
            0.18757441839437977,
            0.9955922656343823
          ],
          [
            0.1693978324123482,
            0.9964065905008355
          ],
          [
            0.15155524017556837,
            0.9971247425943414
          ],
          [
            0.13400670236805612,
            0.9977527503996718
          ],
          [
            0.11671446989499676,
            0.9982957643550745
          ],
          [
            0.09964266900375536,
            0.9987581462138129
          ],
          [
            0.08275701339382732,
            0.9991435428323266
          ],
          [
            0.06602453882220746,
            0.9994549464925013
          ],
          [
            0.049413356185360274,
            0.999694743438028
          ],
          [
            0.03289241944662091,
            0.9998647519468504
          ],
          [
            0.016431305087454506,
            0.9999662509571414
          ],
          [
            3.169619151431765e-17,
            1.0
          ]
        ]
      },
      "properties": {
        "type": "longitude",
        "value": 150.0
      }
    },
    {
      "type": "Feature",
      "geometry": {
        "type": "LineString",
        "coordinates": [
          [
            1.5984848350717848e-17,
            -1.0
          ],
          [
            0.008286753625438036,
            -0.9999914161774528
          ],
          [
            0.01658979647085507,
            -0.9999655967398398
          ],
          [
            0.024925544369045267,
            -0.9999223366389395
          ],
          [
            0.033310668444162764,
            -0.9998612903007851
          ],
          [
            0.041762227978817984,
            -0.9997819657698178
          ],
          [
            0.05029780970911302,
            -0.9996837162746107
          ],
          [
            0.05893567596793133,
            -0.9995657289666101
          ],
          [
            0.06769492434977714,
            -0.9994270104936726
          ],
          [
            0.0765956619064549,
            -0.9992663689648912
          ],
          [
            0.08565919731675606,
            -0.9990823917369189
          ],
          [
            0.0949082550248046,
            -0.9988734182978525
          ],
          [
            0.10436721603664639,
            -0.9986375073339625
          ],
          [
            0.11406239093667644,
            -0.9983723968256796
          ],
          [
            0.12402233177835348,
            -0.9980754557171844
          ],
          [
            0.1342781908742861,
            -0.9977436253185897
          ],
          [
            0.14486413623352118,
            -0.9973733481040733
          ],
          [
            0.1558178355661019,
            -0.9969604809268388
          ],
          [
            0.16718102352482483,
            -0.996500188832545
          ],
          [
            0.17900017035111135,
            -0.9959868145480483
          ],
          [
            0.1913272745614135,
            -0.9954137172564105
          ],
          [
            0.20422080805402737,
            -0.9947730723081722
          ],
          [
            0.21774684943905773,
            -0.9940556208733197
          ],
          [
            0.23198045104512532,
            -0.9932503549373766
          ],
          [
            0.24700729768163515,
            -0.9923441180976507
          ],
          [
            0.2629257318561738,
            -0.9913210957515097
          ],
          [
            0.27984924216675666,
            -0.9901621586460844
          ],
          [
            0.29790954094623107,
            -0.9888440101215669
          ],
          [
            0.31726039661398026,
            -0.987338067829396
          ],
          [
            0.3380824393042773,
            -0.985608982334535
          ],
          [
            0.3605892303241895,
            -0.9836126533059404
          ],
          [
            0.38503498387642776,
            -0.981293541860854
          ],
          [
            0.411724462713782,
            -0.9785809837212054
          ],
          [
            0.4410257502038867,
            -0.9753840637996269
          ],
          [
            0.4733868442894568,
            -0.9715843884673203
          ],
          [
            0.5093573382575111,
            -0.9670257367261769
          ],
          [
            0.549616853699912,
            -0.9614990007962841
          ],
          [
            0.5950123416268683,
            -0.9547198952194971
          ],
          [
            0.6466067336668793,
            -0.946295373017412
          ],
          [
            0.7057412938368127,
            -0.9356721148689779
          ],
          [
            0.7741122625543566,
            -0.922056154060448
          ],
          [
            0.8538560573378408,
            -0.9042856066182123
          ],
          [
            0.9476189736376076,
            -0.880627373070189
          ],
          [
            1.0585388902708595,
            -0.8484538021872694
          ],
          [
            1.1899465227071404,
            -0.8037454934705969
          ],
          [
            1.3443226541047613,
            -0.740404720686721
          ],
          [
            1.5205503255114527,
            -0.6496011675611071
          ],
          [
            1.7081106445714527,
            -0.5201821858497493
          ],
          [
            1.8787913609418814,
            -0.34283488082827407
          ],
          [
            1.9853827600652234,
            -0.12068066957451816
          ],
          [
            1.9853827600652234,
            0.12068066957451816
          ],
          [
            1.8787913609418814,
            0.3428348808282723
          ],
          [
            1.7081106445714527,
            0.5201821858497493
          ],
          [
            1.5205503255114527,
            0.6496011675611071
          ],
          [
            1.3443226541047641,
            0.7404047206867214
          ],
          [
            1.1899465227071404,
            0.8037454934705969
          ],
          [
            1.0585388902708595,
            0.8484538021872684
          ],
          [
            0.9476189736376086,
            0.8806273730701888
          ],
          [
            0.8538560573378408,
            0.9042856066182123
          ],
          [
            0.7741122625543566,
            0.9220561540604472
          ],
          [
            0.7057412938368127,
            0.9356721148689779
          ],
          [
            0.6466067336668793,
            0.946295373017412
          ],
          [
            0.595012341626869,
            0.9547198952194974
          ],
          [
            0.549616853699912,
            0.9614990007962841
          ],
          [
            0.5093573382575114,
            0.967025736726177
          ],
          [
            0.4733868442894571,
            0.9715843884673204
          ],
          [
            0.4410257502038867,
            0.9753840637996269
          ],
          [
            0.411724462713782,
            0.9785809837212052
          ],
          [
            0.38503498387642787,
            0.981293541860854
          ],
          [
            0.3605892303241895,
            0.9836126533059404
          ],
          [
            0.33808243930427734,
            0.9856089823345348
          ],
          [
            0.31726039661398026,
            0.987338067829396
          ],
          [
            0.2979095409462312,
            0.9888440101215669
          ],
          [
            0.27984924216675666,
            0.9901621586460841
          ],
          [
            0.26292573185617385,
            0.9913210957515097
          ],
          [
            0.24700729768163532,
            0.9923441180976507
          ],
          [
            0.23198045104512527,
            0.9932503549373768
          ],
          [
            0.21774684943905773,
            0.9940556208733197
          ],
          [
            0.20422080805402737,
            0.9947730723081721
          ],
          [
            0.19132727456141366,
            0.9954137172564107
          ],
          [
            0.17900017035111143,
            0.9959868145480482
          ],
          [
            0.16718102352482472,
            0.9965001888325451
          ],
          [
            0.1558178355661019,
            0.9969604809268388
          ],
          [
            0.14486413623352118,
            0.9973733481040733
          ],
          [
            0.1342781908742861,
            0.9977436253185897
          ],
          [
            0.12402233177835352,
            0.9980754557171843
          ],
          [
            0.11406239093667651,
            0.9983723968256796
          ],
          [
            0.10436721603664639,
            0.9986375073339625
          ],
          [
            0.0949082550248046,
            0.9988734182978525
          ],
          [
            0.08565919731675606,
            0.9990823917369189
          ],
          [
            0.07659566190645495,
            0.9992663689648912
          ],
          [
            0.06769492434977721,
            0.9994270104936727
          ],
          [
            0.05893567596793133,
            0.9995657289666101
          ],
          [
            0.05029780970911302,
            0.9996837162746107
          ],
          [
            0.041762227978817984,
            0.9997819657698178
          ],
          [
            0.033310668444162875,
            0.999861290300785
          ],
          [
            0.02492554436904533,
            0.9999223366389396
          ],
          [
            0.016589796470855126,
            0.9999655967398396
          ],
          [
            0.008286753625438036,
            0.9999914161774528
          ],
          [
            1.5984848350717848e-17,
            1.0
          ]
        ]
      },
      "properties": {
        "type": "longitude",
        "value": 165.0
      }
    },
    {
      "type": "Feature",
      "geometry": {
        "type": "LineString",
        "coordinates": [
          [
            7.498798913309288e-33,
            -1.0
          ],
          [
            3.887508415919283e-18,
            -1.0
          ],
          [
            7.782859433692938e-18,
            -1.0
          ],
          [
            1.1693959069300915e-17,
            -1.0
          ],
          [
            1.5628841259702265e-17,
            -1.0
          ],
          [
            1.9595734587580084e-17,
            -1.0
          ],
          [
            2.360313241549177e-17,
            -1.0
          ],
          [
            2.765986772425488e-17,
            -1.0
          ],
          [
            3.1775194095504675e-17,
            -1.0
          ],
          [
            3.595887447218336e-17,
            -1.0
          ],
          [
            4.0221279582752985e-17,
            -1.0
          ],
          [
            4.457349823790172e-17,
            -1.0
          ],
          [
            4.902746211935189e-17,
            -1.0
          ],
          [
            5.3596088201440073e-17,
            -1.0
          ],
          [
            5.82934426070375e-17,
            -1.0
          ],
          [
            6.313493053940541e-17,
            -1.0
          ],
          [
            6.813751800314893e-17,
            -0.9999999999999999
          ],
          [
            7.331999240088441e-17,
            -1.0
          ],
          [
            7.87032708626107e-17,
            -1.0
          ],
          [
            8.431076746154092e-17,
            -1.0
          ],
          [
            9.016883347114632e-17,
            -1.0
          ],
          [
            9.63072887699719e-17,
            -1.0000000000000002
          ],
          [
            1.0276006774869807e-16,
            -1.0
          ],
          [
            1.0956601010664321e-16,
            -0.9999999999999999
          ],
          [
            1.1676983644199526e-16,
            -1.0
          ],
          [
            1.2442336155524708e-16,
            -1.0
          ],
          [
            1.3258701638685866e-16,
            -1.0
          ],
          [
            1.4133177471398775e-16,
            -1.0
          ],
          [
            1.507416164868945e-16,
            -1.0
          ],
          [
            1.6091671114041498e-16,
            -1.0
          ],
          [
            1.7197757942031834e-16,
            -1.0
          ],
          [
            1.8407060405587713e-16,
            -0.9999999999999998
          ],
          [
            1.9737542889535714e-16,
            -1.0000000000000002
          ],
          [
            2.1211504774498143e-16,
            -1.0000000000000002
          ],
          [
            2.285697976873405e-16,
            -0.9999999999999997
          ],
          [
            2.4709714186865956e-16,
            -1.0000000000000002
          ],
          [
            2.681602437675675e-16,
            -1.0
          ],
          [
            2.9237025623876826e-16,
            -0.9999999999999999
          ],
          [
            3.205506735175308e-16,
            -1.0000000000000002
          ],
          [
            3.538384548863279e-16,
            -0.9999999999999997
          ],
          [
            3.9384901497251935e-16,
            -1.0000000000000004
          ],
          [
            4.429576767857279e-16,
            -0.9999999999999993
          ],
          [
            5.04806286111775e-16,
            -1.0
          ],
          [
            5.852774687848453e-16,
            -1.0000000000000009
          ],
          [
            6.945317127457392e-16,
            -0.9999999999999982
          ],
          [
            8.517605579533201e-16,
            -0.9999999999999977
          ],
          [
            1.0980881099286874e-15,
            -0.9999999999999967
          ],
          [
            1.5404361831898377e-15,
            -1.0000000000000062
          ],
          [
            2.570850014183155e-15,
            -0.9999999999999954
          ],
          [
            7.717732516948117e-15,
            -1.0000000000001088
          ],
          [
            7.717732516948117e-15,
            1.0000000000001088
          ],
          [
            2.570850014183155e-15,
            0.9999999999999902
          ],
          [
            1.5404361831898377e-15,
            1.0000000000000062
          ],
          [
            1.0980881099286874e-15,
            0.9999999999999967
          ],
          [
            8.517605579533254e-16,
            1.0000000000000022
          ],
          [
            6.945317127457392e-16,
            0.9999999999999982
          ],
          [
            5.852774687848453e-16,
            0.9999999999999996
          ],
          [
            5.048062861117759e-16,
            1.0000000000000007
          ],
          [
            4.429576767857279e-16,
            0.9999999999999993
          ],
          [
            3.9384901497251935e-16,
            0.9999999999999994
          ],
          [
            3.538384548863279e-16,
            0.9999999999999997
          ],
          [
            3.205506735175308e-16,
            1.0000000000000002
          ],
          [
            2.9237025623876865e-16,
            1.0000000000000004
          ],
          [
            2.681602437675675e-16,
            1.0
          ],
          [
            2.470971418686597e-16,
            1.0000000000000004
          ],
          [
            2.2856979768734063e-16,
            0.9999999999999998
          ],
          [
            2.1211504774498143e-16,
            1.0000000000000002
          ],
          [
            1.9737542889535714e-16,
            1.0
          ],
          [
            1.8407060405587726e-16,
            1.0
          ],
          [
            1.7197757942031834e-16,
            1.0
          ],
          [
            1.6091671114041503e-16,
            1.0
          ],
          [
            1.507416164868945e-16,
            1.0
          ],
          [
            1.4133177471398778e-16,
            1.0
          ],
          [
            1.3258701638685866e-16,
            0.9999999999999999
          ],
          [
            1.2442336155524716e-16,
            1.0000000000000002
          ],
          [
            1.1676983644199534e-16,
            1.0000000000000002
          ],
          [
            1.095660101066432e-16,
            1.0
          ],
          [
            1.0276006774869807e-16,
            1.0
          ],
          [
            9.63072887699719e-17,
            1.0
          ],
          [
            9.016883347114637e-17,
            1.0
          ],
          [
            8.431076746154098e-17,
            1.0
          ],
          [
            7.870327086261067e-17,
            1.0000000000000002
          ],
          [
            7.331999240088441e-17,
            1.0
          ],
          [
            6.813751800314893e-17,
            0.9999999999999999
          ],
          [
            6.313493053940541e-17,
            1.0
          ],
          [
            5.829344260703753e-17,
            1.0
          ],
          [
            5.3596088201440104e-17,
            1.0
          ],
          [
            4.902746211935189e-17,
            1.0
          ],
          [
            4.457349823790172e-17,
            1.0
          ],
          [
            4.0221279582752985e-17,
            1.0
          ],
          [
            3.595887447218338e-17,
            1.0
          ],
          [
            3.1775194095504706e-17,
            1.0
          ],
          [
            2.765986772425488e-17,
            1.0
          ],
          [
            2.360313241549177e-17,
            1.0
          ],
          [
            1.9595734587580084e-17,
            1.0
          ],
          [
            1.5628841259702323e-17,
            1.0
          ],
          [
            1.1693959069300942e-17,
            1.0
          ],
          [
            7.782859433692968e-18,
            1.0
          ],
          [
            3.887508415919283e-18,
            1.0
          ],
          [
            7.498798913309288e-33,
            1.0
          ]
        ]
      },
      "properties": {
        "type": "longitude",
        "value": 180.0
      }
    }
  ]
}
